"","Potri_Gene_ID","X.x","CHROM","START","END","Potra_Gene_ID","num_SNPs","Gene_Length","mean_alleleFreq","Functional_Description","Percent_ID","AT_Gene_ID","Percent_ID.1","Definition","Trait","Source","Database","QueryOrganism","PU.Number","ProteinID","GenBankID","Potri_v1","Potri_v2","Potri_v2_transcript","X.2"
"1","Potri.001G005700",19685,"Potra000941",79692,88917,"Potra000941g07698.1",1,9225,0.2,"Protochlorophyllide-dependent translocon",96.23,"Artha|AT4G25650",57.86,"ACD1-LIKE (plastid function)","sex specific","Geraldes et al (2015) Mol Ecol","Phytozome (www.phytozome.net) or Popgenie (http://popgenie.org/)","populus trichocarpa","","","","","POPTR_0001s04290","",""
"2","Potri.001G005700",16908,"Potra000941",68763,72510,"Potra000941g07697.1",3,3747,0.161,"Protochlorophyllide-dependent translocon",72.16,"Artha|AT4G25650",67.34,"ACD1-LIKE (plastid function)","sex specific","Geraldes et al (2015) Mol Ecol","Phytozome (www.phytozome.net) or Popgenie (http://popgenie.org/)","populus trichocarpa","","","","","POPTR_0001s04290","",""
"3","Potri.001G041300",13680,"Potra000930",34071,35287,"Potra000930g07576.1",5,1216,0.211,"Metallothionein-like protein",97.33,"Artha|AT3G09390",56.14,"isozyme","drought response","Street et al (2006) Plant J","Phytozome (www.phytozome.net) or Popgenie (http://popgenie.org/)","populus trichocarpa x populus deltoides","PU10380","","","","","",""
"4","Potri.001G075500",10137,"Potra003975",28050,30406,"Potra003975g23909.1",8,2356,0.153,"FK506-binding protein",97.67,"Artha|AT5G45680",60.83,"FK506-binding protein 1 (FKBP13)","leaf morphology and leaf development","Street et al (2008) BMC Genomics","Phytozome (www.phytozome.net) or Popgenie (http://popgenie.org/)","populus trichocarpa","","814965","","estExt_fgenesh4_pg.C_LG_I0656 estExt_fgenesh4_pg.C_LG_I0656","POPTR_0001s12230","POPTR_0001s12230.1",""
"5","Potri.001G093700",5182,"Potra001300",32765,36088,"Potra001300g11185.1",12,3323,0.155,"High mobility group",98.19,"Artha|AT4G11080",59.44,"HMG: High mobility
group (HMG1/
2) family protein","leaf morphology and leaf development","Street et al (2008) BMC Genomics","Phytozome (www.phytozome.net) or Popgenie (http://popgenie.org/)","populus trichocarpa","","180056","","gw1.I.8656.1 gw1.I.8656.1","POPTR_0001s10410","POPTR_0001s10410.1",""
"6","Potri.001G114800",3414,"Potra003986",68635,77473,"Potra003986g24007.1",15,8838,0.137,"Ycf49-like protein",96.73,"Artha|AT4G22830",57.36,"","leaf morphology and leaf development","Street et al (2008) BMC Genomics","Phytozome (www.phytozome.net) or Popgenie (http://popgenie.org/)","populus trichocarpa","","640598","","grail3.0008058501 grail3.0008058501","POPTR_0001s08230","POPTR_0001s08230.1",""
"7","Potri.001G120200",1687,"Potra000052",12097,15623,"Potra000052g00217.1",18,3526,0.12,"Axial regulator YABBY",97.2,"Artha|AT2G45190",58.06,"C2C2-YABBY: AFO/YAB1","leaf morphology and leaf development","Street et al (2008) BMC Genomics","Phytozome (www.phytozome.net) or Popgenie (http://popgenie.org/)","populus trichocarpa","","744044","","estExt_Genewise1_v1.C_1270153 estExt_Genewise1_v1.C_1270153","POPTR_0001s00240","POPTR_0001s00240.1",""
"8","Potri.001G137200",14231,"Potra002239",97122,106254,"Potra002239g17211.1",5,9132,0.203,"Inactive poly  polymerase",92.16,"Artha|AT1G32230",42.88,"WWE domain-containing protein/ceo protein, putative (CEO) contains Pfam domain, PF02825: WWE domain","leaf morphology, growth and CO2 response","Taylor et al (2005) New Phytol","Phytozome (www.phytozome.net) or Popgenie (http://popgenie.org/)","populus deltoides x populus nigra","PU10127","","","","","",""
"9","Potri.001G204300",1367,"Potra003549",13374,17726,"Potra003549g21992.1",20,4352,0.237,"uncharacterized protein LOC105772456 isoform",96.7,"Artha|AT3G15840",58.5,"","leaf morphology and leaf development","Street et al (2008) BMC Genomics","Phytozome (www.phytozome.net) or Popgenie (http://popgenie.org/)","populus trichocarpa","","705701","","estExt_Genewise1_v1.C_LG_I0106 estExt_Genewise1_v1.C_LG_I0106","POPTR_0001s21140","POPTR_0001s21140.1",""
"10","Potri.001G207900",2824,"Potra002764",221,6380,"Potra002764g19932.1",16,6159,0.19,"signalosome complex subunit",97.49,"Artha|AT4G14110",69.54,"Heavy metal-associated domain-containing protein","leaf morphology, growth and CO2 response","Taylor et al (2005) New Phytol","Phytozome (www.phytozome.net) or Popgenie (http://popgenie.org/)","populus deltoides x populus nigra","PU25517","","","","","",""
"11","Potri.001G230500",11394,"Potra002924",11787,21101,"Potra002924g20328.1",7,9314,0.093,"Citrate synthase, mitochondrial",98.96,"Artha|AT2G44350",82.92,"NAD-dependent epimerase/dehydratase family protein similar to sugar epimerase BlmG from
Streptomyces verticillus GI:9937230; contains Pfam profile PF01370 NAD dependent epimerase/
dehydratase family","drought response","Street et al (2006) Plant J","Phytozome (www.phytozome.net) or Popgenie (http://popgenie.org/)","populus trichocarpa x populus deltoides","PU12538","","","","","",""
"12","Potri.001G240300",6094,"Potra001298",25295,29348,"Potra001298g11177.1",11,4053,0.116,"Triosephosphate isomerase, cytosolic",97.65,"Artha|AT3G55440",82.61,"ATCTIMC (CYTOSOLIC TRIOSE PHOSPHATE ISOMERASE); triose-phosphate isomerase","leaf morphology and leaf development","Street et al (2008) BMC Genomics","Phytozome (www.phytozome.net) or Popgenie (http://popgenie.org/)","populus trichocarpa","","815347","","estExt_fgenesh4_pg.C_LG_I1744 estExt_fgenesh4_pg.C_LG_I1744","POPTR_0001s24710","POPTR_0001s24710.1",""
"13","Potri.001G249600",16382,"Potra164204",252,1315,"Potra164204g27157.1",4,1063,0.196,"uncharacterized protein LOC105133071",98.91,"Artha|AT3G47070",48.24,"","leaf morphology and leaf development","Street et al (2008) BMC Genomics","Phytozome (www.phytozome.net) or Popgenie (http://popgenie.org/)","populus trichocarpa","","641088","","grail3.0068005901 grail3.0068005901","POPTR_0001s25670","POPTR_0001s25670.1",""
"14","Potri.001G259100",1328,"Potra002330",3038,6873,"Potra002330g17816.1",20,3835,0.252,"Aldehyde dehydrogenase family",97.51,"Artha|AT4G36250",54.96,"ALDH3F1 (ALDEHYDE DEHYDROGENASE 3F1); 3-chloroallyl aldehyde dehydrogenase/ aldehyde dehydrogenase (NAD)","leaf morphology and leaf development","Street et al (2008) BMC Genomics","Phytozome (www.phytozome.net) or Popgenie (http://popgenie.org/)","populus trichocarpa","","706284","","estExt_Genewise1_v1.C_LG_I1550 estExt_Genewise1_v1.C_LG_I1550","POPTR_0001s26630","POPTR_0001s26630.1",""
"15","Potri.001G262200",12446,"Potra001518",55369,60575,"Potra001518g12643.1",6,5206,0.298,"Protein RETICULATA-RELATED",97.12,"Artha|AT5G12470",77.89,"","leaf morphology and leaf development","Street et al (2008) BMC Genomics","Phytozome (www.phytozome.net) or Popgenie (http://popgenie.org/)","populus trichocarpa","","815393","","estExt_fgenesh4_pg.C_LG_I1877 estExt_fgenesh4_pg.C_LG_I1877","POPTR_0001s26960","POPTR_0001s26960.1",""
"16","Potri.001G282500",19881,"Potra001509",16544,20241,"Potra001509g33895.1",1,3697,0.122,"protein phosphatase 2C",96.37,"Artha|AT2G30170",66.55,"catalytic","leaf morphology and leaf development","Street et al (2008) BMC Genomics","Phytozome (www.phytozome.net) or Popgenie (http://popgenie.org/)","populus trichocarpa","","641534","","grail3.0053022201 grail3.0053022201","POPTR_0001s28930","POPTR_0001s28930.1",""
"17","Potri.001G295200",562,"Potra000417",188798,191704,"Potra000417g02122.1",24,2906,0.219,"domain-containing protein",96.25,"Artha|AT5G40160",68.48,"ATP-dependent Clp protease proteolytic subunit (ClpRI) (nClpP5)","leaf morphology, growth and CO2 response","Taylor et al (2005) New Phytol","Phytozome (www.phytozome.net) or Popgenie (http://popgenie.org/)","populus deltoides x populus nigra","PU04471","","","","","",""
"18","Potri.001G312800",4194,"Potra000492",203776,208115,"Potra000492g03131.1",13,4339,0.099,"Serine carboxypeptidase-like",95.51,"Artha|AT1G33540",47.32,"SCPL12; serine carboxypeptidase","leaf morphology and leaf development","Street et al (2008) BMC Genomics","Phytozome (www.phytozome.net) or Popgenie (http://popgenie.org/)","populus trichocarpa","","174965","","gw1.I.3565.1 gw1.I.3565.1","POPTR_0001s31980","POPTR_0001s31980.2",""
"19","Potri.001G329900",3346,"Potra003055",11438,14748,"Potra003055g20633.1",15,3310,0.259,"4-dihydroxy-2-naphthoyl-CoA",97.67,"Artha|AT1G60550",78.87,"naphthoate synthase, putative / dihydroxynaphthoic acid synthetase, putative / DHNA synthetase, putative","leaf morphology and leaf development","Street et al (2008) BMC Genomics","Phytozome (www.phytozome.net) or Popgenie (http://popgenie.org/)","populus trichocarpa","","829783","","estExt_fgenesh4_pm.C_LG_I0932 estExt_fgenesh4_pm.C_LG_I0932","POPTR_0001s33750","POPTR_0001s33750.1",""
"20","Potri.001G330800",5800,"Potra000458",125770,130743,"Potra000458g02656.1",11,4973,0.157,"Protease HtpX homolog",94.57,"Artha|AT3G27110",81.05,"Expressed protein","drought response","Street et al (2006) Plant J","Phytozome (www.phytozome.net) or Popgenie (http://popgenie.org/)","populus trichocarpa x populus deltoides","PU11545","","","","","",""
"21","Potri.001G333100",8341,"Potra001448",52061,54654,"Potra001448g12191.1",9,2593,0.278,"Probable adenylate kinase",93.43,"Artha|AT3G01820",51.74,"Adenylate kinase family protein","leaf morphology, growth and CO2 response","Taylor et al (2005) New Phytol","Phytozome (www.phytozome.net) or Popgenie (http://popgenie.org/)","populus deltoides x populus nigra","PU06234","","","","","",""
"22","Potri.001G346200",1116,"Potra002270",77854,83191,"Potra002270g17410.1",21,5337,0.216,"Monodehydroascorbate reductase 4, peroxisomal",97.71,"Artha|AT3G27820",75.82,"Monodehydroascorbate reductase, putative similar to cytosolic monodehydroascorbate
reductase GB:BAA77214 [Oryza sativa]","drought response","Street et al (2006) Plant J","Phytozome (www.phytozome.net) or Popgenie (http://popgenie.org/)","populus trichocarpa x populus deltoides","PU09275","","","","","",""
"23","Potri.001G350500",13274,"Potra000198",31346,35171,"Potra000198g00861.1",5,3825,0.169,"uncharacterized protein LOC105141681",86.89,"Artha|AT5G14910",56.92,"heavy-metal-associated domain-containing protein","leaf morphology and leaf development","Street et al (2008) BMC Genomics","Phytozome (www.phytozome.net) or Popgenie (http://popgenie.org/)","populus trichocarpa","","549486","","eugene3.00011927 eugene3.00011927","POPTR_0001s34760","POPTR_0001s34760.1",""
"24","Potri.001G373400",16660,"Potra000501",99890,104577,"Potra000501g03239.1",3,4687,0.155,"elongation factor 1",97.73,"Artha|AT5G46030",82.93,"Expressed protein contains Pfam profile PF05129: Putative zinc binding domain (DUF701)","drought response","Street et al (2006) Plant J","Phytozome (www.phytozome.net) or Popgenie (http://popgenie.org/)","populus trichocarpa x populus deltoides","PU00987","","","","","",""
"25","Potri.001G373400",10542,"Potra000579",60739,64631,"Potra000579g04331.1",7,3892,0.106,"elongation factor 1",52.74,"Artha|AT5G46030",79.03,"Expressed protein contains Pfam profile PF05129: Putative zinc binding domain (DUF701)","drought response","Street et al (2006) Plant J","Phytozome (www.phytozome.net) or Popgenie (http://popgenie.org/)","populus trichocarpa x populus deltoides","PU00987","","","","","",""
"26","Potri.001G415400",8606,"Potra002392",9228,12748,"Potra002392g18195.1",9,3520,0.163,"ribosomal protein L24",98.45,"Artha|AT5G54600",71.21,"50S ribosomal protein L24, chloroplast  (CL24)","leaf morphology and leaf development","Street et al (2008) BMC Genomics","Phytozome (www.phytozome.net) or Popgenie (http://popgenie.org/)","populus trichocarpa","","730291","","estExt_Genewise1_v1.C_LG_XIII2686 estExt_Genewise1_v1.C_LG_XIII2686","POPTR_0001s44110","POPTR_0001s44110.1",""
"27","Potri.001G416400",14788,"Potra172432",7528,8939,"Potra172432g27590.1",5,1411,0.265,"Oxygen-evolving enhancer",96.83,"Artha|AT3G01440",55.67,"oxygen evolving enhancer 3 (PsbQ) family protein","leaf morphology and leaf development","Street et al (2008) BMC Genomics","Phytozome (www.phytozome.net) or Popgenie (http://popgenie.org/)","populus trichocarpa","","242497","","gw1.XIII.2746.1 gw1.XIII.2746.1","POPTR_0001s44210","POPTR_0001s44210.1",""
"28","Potri.001G420900",357,"Potra004299",4345,6628,"Potra004299g24787.1",27,2283,0.311,"LHCP TRANSLOCATION DEFECT",97.66,"Artha|AT1G50900",78.32,"","leaf morphology and leaf development","Street et al (2008) BMC Genomics","Phytozome (www.phytozome.net) or Popgenie (http://popgenie.org/)","populus trichocarpa","","730367","","estExt_Genewise1_v1.C_LG_XIII2914 estExt_Genewise1_v1.C_LG_XIII2914","POPTR_0001s44690","POPTR_0001s44690.1",""
"29","Potri.001G436300",8380,"Potra001580",506,9436,"Potra001580g13060.1",9,8930,0.29,"factor IF-2",97.36,"Artha|AT1G17220",69.22,"translation initiation factor IF-2, chloroplast, putative","leaf morphology and leaf development","Street et al (2008) BMC Genomics","Phytozome (www.phytozome.net) or Popgenie (http://popgenie.org/)","populus trichocarpa","","815829","","estExt_fgenesh4_pg.C_LG_I3061 estExt_fgenesh4_pg.C_LG_I3061","POPTR_0001s42720","POPTR_0001s42720.1",""
"30","Potri.001G449500",14678,"Potra004350",6259,10921,"Potra004350g24838.1",5,4662,0.241,"bound starch synthase",97.54,"Artha|AT1G32900",73.49,"Starch synthase, putative similar to starch synthase SP:Q42857 from [Ipomoea batatas]","drought response","Street et al (2006) Plant J","Phytozome (www.phytozome.net) or Popgenie (http://popgenie.org/)","populus trichocarpa x populus deltoides","PU13521","","","","","",""
"31","Potri.001G449500",14678,"Potra004350",6259,10921,"Potra004350g24838.1",5,4662,0.241,"bound starch synthase",97.54,"Artha|AT1G32900",73.49,"Starch synthase, putative similar to starch synthase SP:Q42857 from [Ipomoea batatas]","drought response","Street et al (2006) Plant J","Phytozome (www.phytozome.net) or Popgenie (http://popgenie.org/)","populus trichocarpa x populus deltoides","PU04882","","","","","",""
"32","Potri.001G449500",14678,"Potra004350",6259,10921,"Potra004350g24838.1",5,4662,0.241,"bound starch synthase",97.54,"Artha|AT1G32900",73.49,"Starch synthase, putative similar to starch synthase SP:Q42857 from [Ipomoea batatas]","drought response","Street et al (2006) Plant J","Phytozome (www.phytozome.net) or Popgenie (http://popgenie.org/)","populus trichocarpa x populus deltoides","PU12091","","","","","",""
"33","Potri.001G455900",7699,"Potra004439",7128,9058,"Potra004439g24923.1",10,1930,0.245,"uncharacterized protein LOC105135084",96.05,"Artha|AT3G51510",63.7,"","leaf morphology and leaf development","Street et al (2008) BMC Genomics","Phytozome (www.phytozome.net) or Popgenie (http://popgenie.org/)","populus trichocarpa","","642574","","grail3.0051006801 grail3.0051006801","POPTR_0001s46010","POPTR_0001s46010.1",""
"34","Potri.002G015100",16200,"Potra003775",22971,24784,"Potra003775g22802.1",4,1813,0.146,"Glutathione S-transferase",99.07,"Artha|AT3G03190",47.62,"ATGSTF11 (GLUTATHIONE S-TRANSFERASE F11); glutathione transferase","leaf morphology and leaf development","Street et al (2008) BMC Genomics","Phytozome (www.phytozome.net) or Popgenie (http://popgenie.org/)","populus trichocarpa","","550819","","eugene3.00020134 eugene3.00020134","POPTR_0002s01650","POPTR_0002s01650.1",""
"35","Potri.002G015200",14560,"Potra003775",15308,20313,"Potra003775g22801.1",5,5005,0.25,"Glutathione S-transferase",99.54,"Artha|AT3G03190",49.05,"ATGSTF11 (GLUTATHIONE S-TRANSFERASE F11); glutathione transferase","leaf morphology and leaf development","Street et al (2008) BMC Genomics","Phytozome (www.phytozome.net) or Popgenie (http://popgenie.org/)","populus trichocarpa","","550820","","eugene3.00020135 eugene3.00020135","POPTR_0002s01660","POPTR_0002s01660.1",""
"36","Potri.002G029900",2746,"Potra002067",66006,68758,"Potra002067g16118.1",16,2752,0.225,"peptidase N-terminal domain and RING finger protein",98.59,"Artha|AT1G75460",80.54,"ATP-dependent protease La (LON) domain-containing protein","leaf morphology and leaf development","Street et al (2008) BMC Genomics","Phytozome (www.phytozome.net) or Popgenie (http://popgenie.org/)","populus trichocarpa","","798453","","fgenesh4_pm.C_LG_II000142 fgenesh4_pm.C_LG_II000142","POPTR_0002s03130","POPTR_0002s03130.1",""
"37","Potri.002G044300",6213,"Potra001803",1,1809,"Potra001803g14589.1",11,1808,0.244,"Photosystem II reaction center",95.49,"Artha|AT2G30570",60.74,"photosystem II reaction center W (PsbW) protein-related","leaf morphology and leaf development","Street et al (2008) BMC Genomics","Phytozome (www.phytozome.net) or Popgenie (http://popgenie.org/)","populus trichocarpa","","830089","","estExt_fgenesh4_pm.C_LG_II0207 estExt_fgenesh4_pm.C_LG_II0207","POPTR_0002s04520","POPTR_0002s04520.1",""
"38","Potri.002G053000",2488,"Potra000372",15777,19678,"Potra000372g01567.1",16,3901,0.21,"Chloroplast stem-loop binding protein",97.52,"Artha|AT3G63140",81.84,"mRNA-binding protein, putative","leaf morphology and leaf development","Street et al (2008) BMC Genomics","Phytozome (www.phytozome.net) or Popgenie (http://popgenie.org/)","populus trichocarpa","","830112","","estExt_fgenesh4_pm.C_LG_II0251 estExt_fgenesh4_pm.C_LG_II0251","POPTR_0002s05390","POPTR_0002s05390.1",""
"39","Potri.002G054800",2320,"Potra002287",2548,5645,"Potra002287g17519.1",17,3097,0.126,"Small nuclear ribonucleoprotein",95.92,"Artha|AT3G07590",86.73,"small nuclear ribonucleoprotein D1, putative / snRNP core protein D1, putative / Sm protein D1, putative","leaf morphology and leaf development","Street et al (2008) BMC Genomics","Phytozome (www.phytozome.net) or Popgenie (http://popgenie.org/)","populus trichocarpa","","830114","","estExt_fgenesh4_pm.C_LG_II0256 estExt_fgenesh4_pm.C_LG_II0256","POPTR_0002s05570","POPTR_0002s05570.1",""
"40","Potri.002G064400",340,"Potra002370",134,11802,"Potra002370g18052.1",27,11668,0.163,"gigantea 2, partial",94.89,"Artha|AT1G22770",76.58,"GI2 (Central circadian clock)","phenology","Keller et al (2012) Mol Biol Evol","Phytozome (www.phytozome.net) or Popgenie (http://popgenie.org/)","populus trichocarpa","","","","","POPTR_0002s06490","POPTR_0002s06490.1",""
"41","Potri.002G064400",340,"Potra002370",134,11802,"Potra002370g18052.1",27,11668,0.163,"gigantea 2, partial",94.89,"Artha|AT1G22770",76.58,"GIGANTEA (GI2)","phenology","Olsen et al (2013) Mol Ecol","Phytozome (www.phytozome.net) or Popgenie (http://popgenie.org/)","Populus balsamifera","","","","","POPTR_0002s06490"," POPTR_0002s06490.1",""
"42","Potri.002G065600",16033,"Potra002765",1225,4118,"Potra002765g19933.1",4,2893,0.118,"Ethylene-responsive transcription",96.73,"Artha|AT2G33710",66.29,"AP2 domain-containing transcription factor, putative contains similarity to AP2 domain
transcription factor","drought response","Street et al (2006) Plant J","Phytozome (www.phytozome.net) or Popgenie (http://popgenie.org/)","populus trichocarpa x populus deltoides","PU13236","","","","","",""
"43","Potri.002G096900",10682,"Potra000891",66927,72730,"Potra000891g07204.1",7,5803,0.218,"Deoxyribodipyrimidine photo-lyase",96.48,"Artha|AT4G08920",80.5,"cryptochrome circadian regulator 1 (CRY1.2)","phenology","Olsen et al (2013) Mol Ecol","Phytozome (www.phytozome.net) or Popgenie (http://popgenie.org/)","Populus balsamifera","","","","","POPTR_0002s09730"," POPTR_0002s09730.1",""
"44","Potri.002G096900",10682,"Potra000891",66927,72730,"Potra000891g07204.1",7,5803,0.218,"Deoxyribodipyrimidine photo-lyase",96.48,"Artha|AT4G08920",80.5,"CRY1.2 (Photoreceptors)","phenology","Keller et al (2012) Mol Biol Evol","Phytozome (www.phytozome.net) or Popgenie (http://popgenie.org/)","populus trichocarpa","","","","","POPTR_0002s09730","POPTR_0002s09730.1",""
"45","Potri.002G104100",9099,"Potra000434",164195,175128,"Potra000434g02347.1",8,10933,0.195,"uncharacterized protein LOC105769479",97.75,"Artha|AT4G24610",65.07,"Expressed protein","leaf morphology, growth and CO2 response","Taylor et al (2005) New Phytol","Phytozome (www.phytozome.net) or Popgenie (http://popgenie.org/)","populus deltoides x populus nigra","PU21030","","","","","",""
"46","Potri.002G137400",20002,"Potra001971",105,4862,"Potra001971g15536.1",1,4757,0.3,"signalosome complex subunit",98.02,"Artha|AT1G02090",77.87,"COP9 signalosome complex subunit 7ii/CSN complex subunit 7ii (CSN7) (COP15)/FUSCA protein (FUS5) FUSCA5, CSN7, COP15","leaf morphology, growth and CO2 response","Taylor et al (2005) New Phytol","Phytozome (www.phytozome.net) or Popgenie (http://popgenie.org/)","populus deltoides x populus nigra","PU11079","","","","","",""
"47","Potri.002G139900",1763,"Potra000784",109149,113734,"Potra000784g06204.1",18,4585,0.213,"kinase II subunit",99.34,"Artha|AT5G47080",77.08,"CKB3.4 (Peripheral Circadian Clock)","phenology","Keller et al (2012) Mol Biol Evol","Phytozome (www.phytozome.net) or Popgenie (http://popgenie.org/)","populus trichocarpa","","","","","POPTR_0002s14080","POPTR_0002s14080.1",""
"48","Potri.002G223100",16864,"Potra000869",60615,62044,"Potra000869g07002.1",3,1429,0.082,NA,95.86,NA,NA,"phosphate","drought response","Street et al (2006) Plant J","Phytozome (www.phytozome.net) or Popgenie (http://popgenie.org/)","populus trichocarpa x populus deltoides","PU00164","","","","","",""
"49","Potri.002G226000",338,"Potra002234",37749,53169,"Potra002234g17166.1",27,15420,0.216,"Chromatin remodeling protein",96.68,"Artha|AT4G22140",79.36,"EBS (downstream targets)","phenology","Keller et al (2012) Mol Biol Evol","Phytozome (www.phytozome.net) or Popgenie (http://popgenie.org/)","populus trichocarpa","","","","","POPTR_0002s21570","POPTR_0002s21570.1",""
"50","Potri.002G230200",17163,"Potra001539",17940,24256,"Potra001539g12773.1",3,6316,0.158,"leucine zipper protein",99.22,"Artha|AT1G05230",78.54,"HB: homeobox leucine
zipper
family protein","leaf morphology and leaf development","Street et al (2008) BMC Genomics","Phytozome (www.phytozome.net) or Popgenie (http://popgenie.org/)","populus trichocarpa","","830518","","estExt_fgenesh4_pm.C_LG_II1004 estExt_fgenesh4_pm.C_LG_II1004","POPTR_0002s23080","POPTR_0002s23080.1",""
"51","Potri.002G252000",10878,"Potra001249",35526,39381,"Potra001249g10748.1",7,3855,0.228,"B3 domain-containing",92.26,"Artha|AT3G24650",48.32,"ABI3(Abscisic acid sensitivity)","phenology","Keller et al (2012) Mol Biol Evol","Phytozome (www.phytozome.net) or Popgenie (http://popgenie.org/)","populus trichocarpa","","","","","POPTR_0002s25330","POPTR_0002s25330.1",""
"52","Potri.002G252000",10878,"Potra001249",35526,39381,"Potra001249g10748.1",7,3855,0.228,"B3 domain-containing",92.26,"Artha|AT3G24650",48.32,"Peripheral Circadian Clock (CKB34)","phenology","Olsen et al (2013) Mol Ecol","Phytozome (www.phytozome.net) or Popgenie (http://popgenie.org/)","Populus balsamifera","","","","","POPTR_0002s25330"," POPTR_0002s25330.1",""
"53","Potri.003G038300",4972,"Potra000601",1279,9995,"Potra000601g04561.1",12,8716,0.112,"ATP-dependent RNA",99.21,"Artha|AT1G55150",84.46,"DEAD box RNA helicase (RH20)","leaf morphology and leaf development","Street et al (2008) BMC Genomics","Phytozome (www.phytozome.net) or Popgenie (http://popgenie.org/)","populus trichocarpa","","826955","","estExt_fgenesh4_pg.C_440087 estExt_fgenesh4_pg.C_4
40087","POPTR_0003s03040","POPTR_0003s03040.1",""
"54","Potri.003G090400",10012,"Potra003421",544,6053,"Potra003421g21616.1",8,5509,0.243,"root R-B1",98.15,"Artha|AT1G32550",57.3,"ferredoxin family protein","leaf morphology and leaf development","Street et al (2008) BMC Genomics","Phytozome (www.phytozome.net) or Popgenie (http://popgenie.org/)","populus trichocarpa","","743149","","estExt_Genewise1_v1.C_1180060 estExt_Genewise1_v1.C_1180060","POPTR_0003s08900","POPTR_0003s08900.2",""
"55","Potri.003G099400",6855,"Potra000595",20512,24725,"Potra000595g04514.1",10,4213,0.177,"Phosphoribulokinase, chloroplastic (Fragments)",99.26,"Artha|AT1G32060",81.14,"PRK (PHOSPHORIBULOKINASE); ATP binding / phosphoribulokinase/ protein binding","leaf morphology and leaf development","Street et al (2008) BMC Genomics","Phytozome (www.phytozome.net) or Popgenie (http://popgenie.org/)","populus trichocarpa","","712554","","estExt_Genewise1_v1.C_LG_III2205 estExt_Genewise1_v1.C_LG_III2205","POPTR_0003s09830","POPTR_0003s09830.1",""
"56","Potri.003G143200",14652,"Potra004044",19280,23770,"Potra004044g24376.1",5,4490,0.188,"Kinesin light chain",99.17,"Artha|AT4G10840",77.96,"Kinesin light chain-related low similarity to kinesin light chain [Plectonema boryanum] GI:2645229;
contains Pfam profile PF00515 TPR Domain","drought response","Street et al (2006) Plant J","Phytozome (www.phytozome.net) or Popgenie (http://popgenie.org/)","populus trichocarpa x populus deltoides","PU05080","","","","","",""
"57","Potri.003G167700",558,"Potra000353",339381,343604,"Potra000353g01348.1",24,4223,0.18,"Peptidyl-prolyl cis-trans",96.97,"Artha|AT5G13120",78,"peptidyl-prolyl cis-trans isomerase cyclophilin-type family protein","leaf morphology and leaf development","Street et al (2008) BMC Genomics","Phytozome (www.phytozome.net) or Popgenie (http://popgenie.org/)","populus trichocarpa","","647016","","grail3.0047011701 grail3.0047011701","POPTR_0003s16610","POPTR_0003s16610.1",""
"58","Potri.003G174800",20125,"Potra002473",19585,22323,"Potra002473g18725.1",1,2738,0.063,"GATA transcription factor",96.14,"Artha|AT3G24050",49.06,"GATA transcription factor 1 (GATA-1)","leaf morphology, growth and CO2 response","Taylor et al (2005) New Phytol","Phytozome (www.phytozome.net) or Popgenie (http://popgenie.org/)","populus deltoides x populus nigra","PU00177","","","","","",""
"59","Potri.004G067800",17444,"Potra002294",8870,22564,"Potra002294g17545.1",3,13694,0.208,"Serine protease inhibitor",72.82,"Artha|AT1G17860",52.68,"Kunitz trypsin inhibitor 4 (TI4)","herbivory and wounding","Bernhardsson & Ingvarsson (2012) Mol Ecol; Bernhardsson et al (2013) Ecol Lett","Phytozome (www.phytozome.net) or Popgenie (http://popgenie.org/)","populus trichocarpa","","","","","POPTR_0004s06630","POPTR_0004s06630.1 ",""
"60","Potri.004G072900",12206,"Potra001039",78859,79854,"Potra001039g08775.1",6,995,0.288,"Uncharacterized protein PAM68-like",98.35,"Artha|AT5G52780",39.57,"","leaf morphology and leaf development","Street et al (2008) BMC Genomics","Phytozome (www.phytozome.net) or Popgenie (http://popgenie.org/)","populus trichocarpa","","648266","","grail3.0038021201 grail3.0038021201","POPTR_0004s07130","POPTR_0004s07130.1",""
"61","Potri.004G098100",377,"Potra000640",138618,143602,"Potra000640g04888.1",26,4984,0.229,"Chloroplastic group IIB",98.08,"Artha|AT5G38290",66.67,"peptidyl-tRNA hydrolase family protein","leaf morphology and leaf development","Street et al (2008) BMC Genomics","Phytozome (www.phytozome.net) or Popgenie (http://popgenie.org/)","populus trichocarpa","","648034","","grail3.0038001802 grail3.0038001802","POPTR_0004s09730","POPTR_0004s09730.1",""
"62","Potri.004G100000",4246,"Potra000633",22311,23997,"Potra000633g04831.1",13,1686,0.172,"bisphosphate carboxylase small chain",94.27,"Artha|AT1G67090",78.21,"ribulose bisphosphate carboxylase small chain 1A / RuBisCO small subunit 1A (RBCS-1A) (ATS1A)","leaf morphology and leaf development","Street et al (2008) BMC Genomics","Phytozome (www.phytozome.net) or Popgenie (http://popgenie.org/)","populus trichocarpa","","198157","","gw1.IV.3246.1 gw1.IV.3246.1","POPTR_0004s09910","POPTR_0004s09910.1",""
"63","Potri.004G160800",10557,"Potra000606",132540,134411,"Potra000606g04616.1",7,1871,0.25,"uncharacterized protein LOC105134468",75.21,"Artha|AT2G21385",56.82,"","leaf morphology and leaf development","Street et al (2008) BMC Genomics","Phytozome (www.phytozome.net) or Popgenie (http://popgenie.org/)","populus trichocarpa","","195633","","gw1.IV.722.1 gw1.IV.722.1","POPTR_0004s16800","POPTR_0004s16800.1",""
"64","Potri.004G160800",15835,"Potra002176",55235,59966,"Potra002176g16788.1",4,4731,0.082,"uncharacterized protein LOC105134468",96.79,"Artha|AT2G21385",53.53,"","leaf morphology and leaf development","Street et al (2008) BMC Genomics","Phytozome (www.phytozome.net) or Popgenie (http://popgenie.org/)","populus trichocarpa","","195633","","gw1.IV.722.1 gw1.IV.722.1","POPTR_0004s16800","POPTR_0004s16800.1",""
"65","Potri.004G173300",16159,"Potra003555",6707,11406,"Potra003555g22011.1",4,4699,0.192,"Endo-1,4-beta-xylanase",96.79,"Artha|AT4G38650",65.17,"Endoxylanase: family 10 glycoside hydrolase
(GHf10)","herbivory and wounding","Bernhardsson & Ingvarsson (2011) PLoS One","Phytozome (www.phytozome.net) or Popgenie (http://popgenie.org/)","populus trichocarpa","","","","","POPTR_0004s17900","POPTR_0004s17900.1",""
"66","Potri.004G199400",16419,"Potra180050",67,2328,"Potra180050g28069.1",4,2261,0.211,"I subunit O",98.03,"Artha|AT1G08380",70.67,"PSAO (photosystem I subunit O)","leaf morphology and leaf development","Street et al (2008) BMC Genomics","Phytozome (www.phytozome.net) or Popgenie (http://popgenie.org/)","populus trichocarpa","","741765","","estExt_Genewise1_v1.C_660408 estExt_Genewise1_v1.C_660408","POPTR_0004s20960","POPTR_0004s20960.1",""
"67","Potri.004G235200",20192,"Potra002923",17812,25776,"Potra002923g20322.1",1,7964,0.122,"4 complex subunit epsilon",95.74,"Artha|AT1G31730",70.09,"Expressed protein","leaf morphology, growth and CO2 response","Taylor et al (2005) New Phytol","Phytozome (www.phytozome.net) or Popgenie (http://popgenie.org/)","populus deltoides x populus nigra","PU08744","","","","","",""
"68","Potri.004G235300",16059,"Potra002923",26011,29773,"Potra002923g20323.1",4,3762,0.181,"uncharacterized protein LOC102612581",95.63,"Artha|AT4G19350",51.95,"Expressed protein","leaf morphology, growth and CO2 response","Taylor et al (2005) New Phytol","Phytozome (www.phytozome.net) or Popgenie (http://popgenie.org/)","populus deltoides x populus nigra","PU08744","","","","","",""
"69","Potri.005G021400",20149,"Potra002564",22390,29321,"Potra002564g19312.1",1,6931,0.182,"Eukaryotic translation initiation factor 3 subunit A",98.7,"Artha|AT4G11420",71.15,"Eukaryotic translation initiation factor 3 subunit 10/eIF-3 theta/eIF3a (TIF3A1)","leaf morphology, growth and CO2 response","Taylor et al (2005) New Phytol","Phytozome (www.phytozome.net) or Popgenie (http://popgenie.org/)","populus deltoides x populus nigra","PU08927","","","","","",""
"70","Potri.005G038700",9280,"Potra000786",55965,58897,"Potra000786g06229.1",8,2932,0.103,"protein At1g54780, chloroplastic",98.63,"Artha|AT1G54780",73.56,"thylakoid lumen 18.3 kDa protein","leaf morphology and leaf development","Street et al (2008) BMC Genomics","Phytozome (www.phytozome.net) or Popgenie (http://popgenie.org/)","populus trichocarpa","","836765","","estExt_fgenesh4_pm.C_700066 estExt_fgenesh4_pm.C_700066","POPTR_0005s04090","POPTR_0005s04090.1",""
"71","Potri.005G063900",6395,"Potra002581",31896,36646,"Potra002581g35114.1",11,4750,0.167,"3'(2'),5'-bisphosphate nucleotidase",97.22,"Artha|AT5G63980",72.41,"3¢(2¢),5¢-bisphosphate nucleotidase/inositol polyphosphate 1-phosphatase/FIERY1 protein
(FRY1) (SAL1)","drought response","Street et al (2006) Plant J","Phytozome (www.phytozome.net) or Popgenie (http://popgenie.org/)","populus trichocarpa x populus deltoides","PU12382","","","","","",""
"72","Potri.005G078700",19038,"Potra002929",1,3946,"Potra002929g20334.1",2,3945,0.192,"Inositol-3-phosphate",97.25,"Artha|AT2G22240",90.2,"Inositol-3-phosphate synthase, putative/myo-inositol-1-phosphate synthase, putative/MI-1-P
synthase, putative very strong similarity to SP|Q38862 Myo-inositol-1-phosphate synthase
isozyme 2 (EC 5.5.1.4) (MI-1-P synthase 2) (IPS 2) {Arabidopsis thaliana}; identical to
SP|Q9LX12|Probable inositol-3-phosphate synthase isozyme 3 (EC 5.5.1.4) (Myo- inositol-1-
phosphate synthase 3) (MI-1-P synthase 3) (IPS 3) {Arabidopsis thaliana}; contains Pfam profile
PF01658:Myo-inositol-1-phosphate synthase","drought response","Street et al (2006) Plant J","Phytozome (www.phytozome.net) or Popgenie (http://popgenie.org/)","populus trichocarpa x populus deltoides","PU13206","","","","","",""
"73","Potri.005G078700",16912,"Potra000947",125194,129672,"Potra000947g07766.1",3,4478,0.326,"Inositol-3-phosphate",99.41,"Artha|AT5G10170",90.2,"Inositol-3-phosphate synthase, putative/myo-inositol-1-phosphate synthase, putative/MI-1-P
synthase, putative very strong similarity to SP|Q38862 Myo-inositol-1-phosphate synthase
isozyme 2 (EC 5.5.1.4) (MI-1-P synthase 2) (IPS 2) {Arabidopsis thaliana}; identical to
SP|Q9LX12|Probable inositol-3-phosphate synthase isozyme 3 (EC 5.5.1.4) (Myo- inositol-1-
phosphate synthase 3) (MI-1-P synthase 3) (IPS 3) {Arabidopsis thaliana}; contains Pfam profile
PF01658:Myo-inositol-1-phosphate synthase","drought response","Street et al (2006) Plant J","Phytozome (www.phytozome.net) or Popgenie (http://popgenie.org/)","populus trichocarpa x populus deltoides","PU13206","","","","","",""
"74","Potri.005G098100",20209,"Potra003192",25297,25787,"Potra003192g20965.1",1,490,0.105,"Elongation factor 2",96.47,"Artha|AT3G12915",88.24,"Elongation factor 2, putative/EF-2, putative","leaf morphology, growth and CO2 response","Taylor et al (2005) New Phytol","Phytozome (www.phytozome.net) or Popgenie (http://popgenie.org/)","populus deltoides x populus nigra","PU05072","","","","","",""
"75","Potri.005G098100",11940,"Potra000572",717,5114,"Potra000572g04232.1",6,4397,0.158,"Elongation factor 2",99.83,"Artha|AT1G56070",92.22,"Elongation factor 2, putative/EF-2, putative","leaf morphology, growth and CO2 response","Taylor et al (2005) New Phytol","Phytozome (www.phytozome.net) or Popgenie (http://popgenie.org/)","populus deltoides x populus nigra","PU05072","","","","","",""
"76","Potri.005G112900",14178,"Potra002111",32615,35615,"Potra002111g16399.1",5,3000,0.252,"Ferredoxin--NADP reductase",98.9,"Artha|AT5G66190",83.65,"ATLFNR1 (LEAF FNR 1); NADPH dehydrogenase/ oxidoreductase","leaf morphology and leaf development","Street et al (2008) BMC Genomics","Phytozome (www.phytozome.net) or Popgenie (http://popgenie.org/)","populus trichocarpa","","827055","","estExt_fgenesh4_pg.C_570077 estExt_fgenesh4_pg.C_570077","POPTR_0005s11500","POPTR_0005s11500.1",""
"77","Potri.005G141600",4662,"Potra002877",8276,10895,"Potra002877g20209.1",13,2619,0.183,"Cysteine protease 1",94.93,"Artha|AT1G47128",61.76,"CathL: cysteine proteinase of the papain family","herbivory and wounding","Bernhardsson & Ingvarsson (2011) PLoS One","Phytozome (www.phytozome.net) or Popgenie (http://popgenie.org/)","populus trichocarpa","","","","","POPTR_0005s18520","POPTR_0005s18520.1",""
"78","Potri.005G161900",15940,"Potra002402",80576,84617,"Potra002402g18275.1",4,4041,0.214,"Thylakoid lumenal 29 kDa protein",97.98,"Artha|AT4G09010",70.77,"APX4 (ASCORBATE PEROXIDASE 4); peroxidase","leaf morphology and leaf development","Street et al (2008) BMC Genomics","Phytozome (www.phytozome.net) or Popgenie (http://popgenie.org/)","populus trichocarpa","","209372","","gw1.V.4773.1 gw1.V.4773.1","POPTR_0005s17350","POPTR_0005s17350.1",""
"79","Potri.005G196700",18679,"Potra001576",3122,15369,"Potra001576g13038.1",2,12247,0.146,"protein GIGANTEA-like",98.29,"Artha|AT1G22770",77.02,"GIGANTEA (GI5)","phenology","Olsen et al (2013) Mol Ecol","Phytozome (www.phytozome.net) or Popgenie (http://popgenie.org/)","Populus balsamifera","","","","","POPTR_0005s21870"," POPTR_0005s21870.1",""
"80","Potri.005G196700",18679,"Potra001576",3122,15369,"Potra001576g13038.1",2,12247,0.146,"protein GIGANTEA-like",98.29,"Artha|AT1G22770",77.02,"GI5 (circadian clock gene)","phenology","Keller et al (2012) Mol Biol Evol","Phytozome (www.phytozome.net) or Popgenie (http://popgenie.org/)","populus trichocarpa","","","","","POPTR_0005s21870","POPTR_0005s21870.1",""
"81","Potri.005G218800",4140,"Potra000354",46044,47323,"Potra000354g01356.1",13,1279,0.199,"Photosystem II reaction center",96.27,"Artha|AT2G30570",63.97,"photosystem II reaction center W (PsbW) protein-related","leaf morphology and leaf development","Street et al (2008) BMC Genomics","Phytozome (www.phytozome.net) or Popgenie (http://popgenie.org/)","populus trichocarpa","","715100","","estExt_Genewise1_v1.C_LG_V1095 estExt_Genewise1_v1.C_LG_V1095","POPTR_0005s24030","POPTR_0005s24030.1",""
"82","Potri.005G222300",18340,"Potra000818",18390,21696,"Potra000818g06512.1",2,3306,0.198,"aminocyclopropane-1-carboxylate oxidase homolog",97.86,"Artha|AT1G06620",48.24,"oxidoreductase, 2OG-Fe(II) oxygenase family protein","leaf morphology and leaf development","Street et al (2008) BMC Genomics","Phytozome (www.phytozome.net) or Popgenie (http://popgenie.org/)","populus trichocarpa","","559673","","eugene3.00051288 eugene3.00051288","POPTR_0005s24360","POPTR_0005s24360.1",""
"83","Potri.005G242800",18594,"Potra001323",5775,9247,"Potra001323g11349.1",2,3472,0.15,"GDSL esterase/lipase",90.7,"Artha|AT1G75900",61.74,"family II extracellular lipase 3 (EXL3)","leaf morphology and leaf development","Street et al (2008) BMC Genomics","Phytozome (www.phytozome.net) or Popgenie (http://popgenie.org/)","populus trichocarpa","","715522","","estExt_Genewise1_v1.C_LG_V1864 estExt_Genewise1_v1.C_LG_V1864","POPTR_0005s26430","POPTR_0005s26430.1",""
"84","Potri.005G251000",12720,"Potra002306",25205,31920,"Potra002306g17588.1",6,6715,0.224,"4-alpha-glucan",89.85,"Artha|AT2G36390",53.71,"1,4-alpha-glucan branching enzyme/starch branching enzyme class II (SBE2-1) nearly identical to
starch branching enzyme class II [Arabidopsis thaliana] GI:619939","drought response","Street et al (2006) Plant J","Phytozome (www.phytozome.net) or Popgenie (http://popgenie.org/)","populus trichocarpa x populus deltoides","PU04104","","","","","",""
"85","Potri.006G015000",14396,"Potra002751",1143,3331,"Potra002751g19901.1",5,2188,0.33,"and DOMON domain",98.24,"Artha|AT5G47530",64.53,"Auxin-responsive protein, putative similar to auxin-induced protein AIR12 (GI:11357190)
[Arabidopsis thaliana]; similar to stromal cell derived factor receptor 2 (GI:20381292)
[Mus musculus]","drought response","Street et al (2006) Plant J","Phytozome (www.phytozome.net) or Popgenie (http://popgenie.org/)","populus trichocarpa x populus deltoides","PU08140","","","","","",""
"86","Potri.006G015000",14396,"Potra002751",1143,3331,"Potra002751g19901.1",5,2188,0.33,"and DOMON domain",98.24,"Artha|AT5G47530",64.53,"Auxin-responsive protein, putative similar to auxin-induced protein AIR12 (GI:11357190)
[Arabidopsis thaliana]; similar to stromal cell-derived factor receptor 2 (GI:20381292)
[Mus musculus]","drought response","Street et al (2006) Plant J","Phytozome (www.phytozome.net) or Popgenie (http://popgenie.org/)","populus trichocarpa x populus deltoides","PU07219","","","","","",""
"87","Potri.006G017500",462,"Potra000351",111707,113187,"Potra000351g01289.1",25,1480,0.205,"uncharacterized protein LOC105110994",98.48,"Artha|AT4G16410",52.6,"","leaf morphology and leaf development","Street et al (2008) BMC Genomics","Phytozome (www.phytozome.net) or Popgenie (http://popgenie.org/)","populus trichocarpa","","652434","","grail3.0024011301 grail3.0024011301","POPTR_0006s01850","POPTR_0006s01850.1",""
"88","Potri.006G067600",12574,"Potra001899",33483,35445,"Potra001899g15088.1",6,1962,0.151,"Thylakoid lumenal 16.5 kDa protein",98.31,"Artha|AT4G02530",64.71,"chloroplast thylakoid lumen protein","leaf morphology and leaf development","Street et al (2008) BMC Genomics","Phytozome (www.phytozome.net) or Popgenie (http://popgenie.org/)","populus trichocarpa","","819086","","estExt_fgenesh4_pg.C_LG_VI0491 estExt_fgenesh4_pg.C_LG_VI0491","POPTR_0006s06680","POPTR_0006s06680.1",""
"89","Potri.006G067800",18780,"Potra001899",14644,19063,"Potra001899g15086.1",2,4419,0.09,"Axial regulator YABBY",96.81,"Artha|AT2G26580",74.53,"plant-specific transcription factor YABBY family protein","leaf morphology and leaf development","Street et al (2008) BMC Genomics","Phytozome (www.phytozome.net) or Popgenie (http://popgenie.org/)","populus trichocarpa","","652803","","grail3.0023002901 grail3.0023002901","POPTR_0006s06700","POPTR_0006s06700.1",""
"90","Potri.006G085400",1050,"Potra000991",104674,112080,"Potra000991g08206.1",21,7406,0.097,"Aspartate--tRNA ligase",98.23,"Artha|AT4G31180",64.47,"Aspartyl-tRNA synthetase, putative/aspartate – tRNA ligase, putative","leaf morphology, growth and CO2 response","Taylor et al (2005) New Phytol","Phytozome (www.phytozome.net) or Popgenie (http://popgenie.org/)","populus deltoides x populus nigra","PU03360","","","","","",""
"91","Potri.006G094800",3605,"Potra000716",76972,79981,"Potra000716g05617.1",14,3009,0.27,"Transcription termination/antitermination protein",97.08,"Artha|AT3G09210",55.17,"PTAC13 (PLASTID TRANSCRIPTIONALLY ACTIVE13); transcriptional elongation regulator","leaf morphology and leaf development","Street et al (2008) BMC Genomics","Phytozome (www.phytozome.net) or Popgenie (http://popgenie.org/)","populus trichocarpa","","560859","","eugene3.00060818 eugene3.00060818","POPTR_0006s09590","POPTR_0006s09590.1",""
"92","Potri.006G099800",662,"Potra003847",37620,41932,"Potra003847g23130.1",24,4312,0.197,"protein SCaMC-1",99.23,"Artha|AT3G51870",73.96,"mitochondrial substrate carrier family protein","leaf morphology and leaf development","Street et al (2008) BMC Genomics","Phytozome (www.phytozome.net) or Popgenie (http://popgenie.org/)","populus trichocarpa","","801999","","fgenesh4_pm.C_LG_VI000346 fgenesh4_pm.C_LG_VI000346","POPTR_0006s10070","POPTR_0006s10070.1",""
"93","Potri.006G123800",19921,"Potra001695",22247,28598,"Potra001695g13845.1",1,6351,0.337,"glycine-rich family protein",96.91,"Artha|AT2G43630",44.96,"","leaf morphology and leaf development","Street et al (2008) BMC Genomics","Phytozome (www.phytozome.net) or Popgenie (http://popgenie.org/)","populus trichocarpa","","809857","","fgenesh4_pm.C_scaffold_28000094 fgenesh4_pm.C_scaffold_28000094","POPTR_0006s12580","POPTR_0006s12580.1",""
"94","Potri.006G126800",13141,"Potra007760",2076,5964,"Potra007760g26019.1",6,3888,0.309,"Phenylalanine ammonia-lyase",99.3,"Artha|AT2G37040",86.87,"Phenylalanine-ammonia lyase (PAL1)","herbivory and wounding","Bernhardsson & Ingvarsson (2011) PLoS One","Phytozome (www.phytozome.net) or Popgenie (http://popgenie.org/)","populus trichocarpa","","","","","POPTR_0006s12870","POPTR_0006s12870.1",""
"95","Potri.006G144500",8768,"Potra003533",342,8886,"Potra003533g21932.1",9,8544,0.127,"Beta-galactosidase 2",98.33,"Artha|AT3G13750",72.06,"Beta-galactosidase, putative/lactase, putative similar to beta-galactosidase precursor
SP:P48980 from [Lycopersicon esculentum]","drought response","Street et al (2006) Plant J","Phytozome (www.phytozome.net) or Popgenie (http://popgenie.org/)","populus trichocarpa x populus deltoides","PU07550","","","","","",""
"96","Potri.006G165800",1429,"Potra000355",7541,11097,"Potra000355g01380.1",19,3556,0.219,"uncharacterized protein LOC105142816",95.21,"Artha|AT5G57345",62.98,"","leaf morphology and leaf development","Street et al (2008) BMC Genomics","Phytozome (www.phytozome.net) or Popgenie (http://popgenie.org/)","populus trichocarpa","","580510","","eugene3.01210049 eugene3.01210049","POPTR_0006s17950","POPTR_0006s17950.1",""
"97","Potri.006G166300",18435,"Potra000996",61040,69351,"Potra000996g08270.1",2,8311,0.058,"Adagio-like protein",97.88,"Artha|AT5G57360",85.64,"ZTL2 (Photoreceptors)","phenology","Keller et al (2012) Mol Biol Evol","Phytozome (www.phytozome.net) or Popgenie (http://popgenie.org/)","populus trichocarpa","","","","","POPTR_0006s18000","",""
"98","Potri.006G199500",16805,"Potra000762",124022,131953,"Potra000762g06024.1",3,7931,0.185,"ABC transporter G family member",98.01,"Artha|AT5G06530",77.29,"ABC transporter family protein","drought response","Street et al (2006) Plant J","Phytozome (www.phytozome.net) or Popgenie (http://popgenie.org/)","populus trichocarpa x populus deltoides","PU10934","","","","","",""
"99","Potri.006G220400",6822,"Potra000537",38744,40670,"Potra000537g03760.1",10,1926,0.132,"YlmG homolog protein",98.02,"Artha|AT5G21920",53.39,"YGGT family protein","leaf morphology and leaf development","Street et al (2008) BMC Genomics","Phytozome (www.phytozome.net) or Popgenie (http://popgenie.org/)","populus trichocarpa","","717001","","estExt_Genewise1_v1.C_LG_VI0693 estExt_Genewise1_v1.C_LG_VI0693","POPTR_0006s23700","POPTR_0006s23700.1",""
"100","Potri.006G222300",15654,"Potra001661",10749,11108,"Potra001661g13637.1",4,359,0.096,"uncharacterized protein LOC105122137",93.22,"Artha|AT2G06520",66,"PSBX (photosystem II subunit X)","leaf morphology and leaf development","Street et al (2008) BMC Genomics","Phytozome (www.phytozome.net) or Popgenie (http://popgenie.org/)","populus trichocarpa","","832074","","estExt_fgenesh4_pm.C_LG_VI0645 estExt_fgenesh4_pm.C_LG_VI0645","POPTR_0006s23890","POPTR_0006s23890.1",""
"101","Potri.006G224600",9887,"Potra002497",212794,218359,"Potra002497g18876.1",8,5565,0.059,"Protein phosphatase 2C",97.81,"Artha|AT1G72770",50,"ABI1B (abscisic acid) ","phenology","Keller et al (2012) Mol Biol Evol","Phytozome (www.phytozome.net) or Popgenie (http://popgenie.org/)","populus trichocarpa","","","","","POPTR_0006s24100","",""
"102","Potri.006G228000",12939,"Potra003470",2417,6032,"Potra003470g21771.1",6,3615,0.203,"UDP-sulfoquinovose synthase",99.59,"Artha|AT4G33030",79.38,"SQD1 (sulfoquinovosyldiacylglycerol 1); UDPsulfoquinovose synthase","leaf morphology and leaf development","Street et al (2008) BMC Genomics","Phytozome (www.phytozome.net) or Popgenie (http://popgenie.org/)","populus trichocarpa","","819485","","estExt_fgenesh4_pg.C_LG_VI1540 estExt_fgenesh4_pg.C_LG_VI1540","POPTR_0006s24440","POPTR_0006s24440.1",""
"103","Potri.006G246500",9879,"Potra002474",24464,28260,"Potra002474g18731.1",8,3796,0.092,"domain-containing protein 5, chloroplastic",97.97,"Artha|AT5G11450",64.24,"oxygen-evolving complex-related","leaf morphology and leaf development","Street et al (2008) BMC Genomics","Phytozome (www.phytozome.net) or Popgenie (http://popgenie.org/)","populus trichocarpa","","654065","","grail3.0013033101 grail3.0013033101","POPTR_0006s26270","POPTR_0006s26270.1",""
"104","Potri.006G264500",6367,"Potra002455",98679,103819,"Potra002455g18607.1",11,5140,0.056,"Transmembrane 9 superfamily",99.33,"Artha|AT5G10840",87.79,"Endomembrane protein 70, putative TM4 family","leaf morphology, growth and CO2 response","Taylor et al (2005) New Phytol","Phytozome (www.phytozome.net) or Popgenie (http://popgenie.org/)","populus deltoides x populus nigra","PU10293","","","","","",""
"105","Potri.007G008500",17319,"Potra001942",9467,11194,"Potra001942g15361.1",3,1727,0.171,"Xyloglucan endotransglucosylase/hydrolase",97.64,"Artha|AT5G65730",80.52,"Endoxyloglucan transferase","leaf morphology, growth and CO2 response","Taylor et al (2005) New Phytol","Phytozome (www.phytozome.net) or Popgenie (http://popgenie.org/)","populus deltoides x populus nigra","PU20530","","","","","",""
"106","Potri.007G013400",9574,"Potra001542",60557,64389,"Potra001542g12794.1",8,3832,0.188,"Peptidyl-prolyl cis-trans",98.36,"Artha|AT2G18040",78.81,"Peptidyl-prolyl cis–trans isomerase (PIN1)/cyclophilin/rotamase","leaf morphology, growth and CO2 response","Taylor et al (2005) New Phytol","Phytozome (www.phytozome.net) or Popgenie (http://popgenie.org/)","populus deltoides x populus nigra","PU02302","","","","","",""
"107","Potri.007G034300",3797,"Potra001906",16562,17647,"Potra001906g15126.1",14,1085,0.241,"uncharacterized protein LOC105126496",97.3,"Artha|AT2G23670",61.07,"YCF37 (Arabidopsis homolog of Synechocystis YCF37)","leaf morphology and leaf development","Street et al (2008) BMC Genomics","Phytozome (www.phytozome.net) or Popgenie (http://popgenie.org/)","populus trichocarpa","","563064","","eugene3.00071002 eugene3.00071002","POPTR_0007s12010","POPTR_0007s12010.1",""
"108","Potri.007G057200",15816,"Potra002108",62007,64920,"Potra002108g16381.1",4,2913,0.117,"Ferredoxin--NADP reductase",97.8,"Artha|AT1G20020",75.95,"ATLFNR1 (LEAF FNR 1); NADPH dehydrogenase/ oxidoreductase","leaf morphology and leaf development","Street et al (2008) BMC Genomics","Phytozome (www.phytozome.net) or Popgenie (http://popgenie.org/)","populus trichocarpa","","817211","","estExt_fgenesh4_pg.C_LG_III0681 estExt_fgenesh4_pg.C_LG_III0681","POPTR_0007s09630","POPTR_0007s09630.1",""
"109","Potri.007G071300",19216,"Potra004004",123181,127263,"Potra004004g24123.1",2,4082,0.136,"II stability/assembly factor",98.98,"Artha|AT5G23120",86.89,"HCF136 (High chlorophyll fluorescence 136)","leaf morphology and leaf development","Street et al (2008) BMC Genomics","Phytozome (www.phytozome.net) or Popgenie (http://popgenie.org/)","populus trichocarpa","","819904","","estExt_fgenesh4_pg.C_LG_VII0722 estExt_fgenesh4_pg.C_LG_VII0722","POPTR_0007s07780","POPTR_0007s07780.3",""
"110","Potri.007G082000",1440,"Potra000456",4998,11716,"Potra000456g02623.1",19,6718,0.216,"uncharacterized protein LOC105123863",97.94,"Artha|AT5G10010",57.22,"","leaf morphology and leaf development","Street et al (2008) BMC Genomics","Phytozome (www.phytozome.net) or Popgenie (http://popgenie.org/)","populus trichocarpa","","562697","","eugene3.00070635 eugene3.00070635","POPTR_0007s06500","POPTR_0007s06500.1",""
"111","Potri.007G143800",204,"Potra003566",7826,12977,"Potra003566g22037.1",30,5151,0.145,"Prostaglandin reductase 1",88.92,"Artha|AT5G37980",67.15,"NADP-dependent oxidoreductase, putative similar to probable NADP-dependent
oxidoreductase (zeta-crystallin homolog) P1 [SP|Q39172][gi:886428] and P2
[SP|Q39173][gi:886430], Arabidopsis thaliana; similar to allyl alcohol dehydrogenase
GI:9758497 from [Arabidopsis thaliana]","drought response","Street et al (2006) Plant J","Phytozome (www.phytozome.net) or Popgenie (http://popgenie.org/)","populus trichocarpa x populus deltoides","PU12564","","","","","",""
"112","Potri.008G014700",16752,"Potra000649",162323,167639,"Potra000649g04993.1",3,5316,0.32,"Calcium-dependent protein",97.75,"Artha|AT5G04870",77.18,"Calcium-dependent protein kinase isoform 2 (CPK2)","leaf morphology, growth and CO2 response","Taylor et al (2005) New Phytol","Phytozome (www.phytozome.net) or Popgenie (http://popgenie.org/)","populus deltoides x populus nigra","PU20437","","","","","",""
"113","Potri.008G031700",18288,"Potra000725",31247,36251,"Potra000725g05673.1",2,5004,0.38,"Malate dehydrogenase , chloroplastic",98.25,"Artha|AT5G58330",77.56,"malate dehydrogenase (NADP), chloroplast, putative","leaf morphology and leaf development","Street et al (2008) BMC Genomics","Phytozome (www.phytozome.net) or Popgenie (http://popgenie.org/)","populus trichocarpa","","820232","","estExt_fgenesh4_pg.C_LG_VIII0243 estExt_fgenesh4_pg.C_LG_VIII0243","POPTR_0008s03160","POPTR_0008s03160.1",""
"114","Potri.008G046200",14619,"Potra003966",58308,67623,"Potra003966g23819.1",5,9315,0.142,"component response regulator",94.91,"Artha|AT5G02810",46.77,"Pseudo-response regulator 7 (APRR7) identical to pseudo-response regulator 7 GI:10281004
from [Arabidopsis thaliana]","drought response","Street et al (2006) Plant J","Phytozome (www.phytozome.net) or Popgenie (http://popgenie.org/)","populus trichocarpa x populus deltoides","PU04858","","","","","",""
"115","Potri.008G080100",16261,"Potra003972",30566,37642,"Potra003972g23874.1",4,7076,0.133,"CTP synthase 1",99.01,"Artha|AT3G12670",79.74,"CTP synthase, putative/UTP – ammonia ligase, putative","leaf morphology, growth and CO2 response","Taylor et al (2005) New Phytol","Phytozome (www.phytozome.net) or Popgenie (http://popgenie.org/)","populus deltoides x populus nigra","PU26674","","","","","",""
"116","Potri.008G121100",13075,"Potra004007",45059,48349,"Potra004007g24145.1",6,3290,0.249,"ribosomal protein L15",98.05,"Artha|AT3G25920",70.83,"RPL15 (ribosomal protein L15)","leaf morphology and leaf development","Street et al (2008) BMC Genomics","Phytozome (www.phytozome.net) or Popgenie (http://popgenie.org/)","populus trichocarpa","","766070","","fgenesh4_pg.C_LG_VIII001084 fgenesh4_pg.C_LG_VIII001084","POPTR_0008s12000","POPTR_0008s12000.1",""
"117","Potri.008G128400",6267,"Potra002018",62790,67517,"Potra002018g15829.1",11,4727,0.147,"Copper transport protein",92.78,"Artha|AT1G23000",41.1,"Heavy metal-associated domain-containing protein","leaf morphology, growth and CO2 response","Taylor et al (2005) New Phytol","Phytozome (www.phytozome.net) or Popgenie (http://popgenie.org/)","populus deltoides x populus nigra","PU25517","","","","","",""
"118","Potri.008G128400",6267,"Potra002018",62790,67517,"Potra002018g15829.1",11,4727,0.147,"Copper transport protein",92.78,"Artha|AT1G23000",41.1,"Heavy metal-associated domain-containing protein","leaf morphology, growth and CO2 response","Taylor et al (2005) New Phytol","Phytozome (www.phytozome.net) or Popgenie (http://popgenie.org/)","populus deltoides x populus nigra","PU25517","","","","","",""
"119","Potri.008G135400",5963,"Potra000899",29362,31409,"Potra000899g07294.1",11,2047,0.175,"uncharacterized protein LOC105125458 isoform X1",98.27,"Artha|AT2G01755",59.29,"","leaf morphology and leaf development","Street et al (2008) BMC Genomics","Phytozome (www.phytozome.net) or Popgenie (http://popgenie.org/)","populus trichocarpa","","820694","","estExt_fgenesh4_pg.C_LG_VIII1198 estExt_fgenesh4_pg.C_LG_VIII1198","POPTR_0008s13480","POPTR_0008s13480.1",""
"120","Potri.008G145500",17168,"Potra001546",77030,80355,"Potra001546g12818.1",3,3325,0.239,"ATP-dependent Clp",98.31,"Artha|AT1G68660",33.57,"","leaf morphology and leaf development","Street et al (2008) BMC Genomics","Phytozome (www.phytozome.net) or Popgenie (http://popgenie.org/)","populus trichocarpa","","820724","","estExt_fgenesh4_pg.C_LG_VIII1289 estExt_fgenesh4_pg.C_LG_VIII1289","POPTR_0008s14480","POPTR_0008s14480.1",""
"121","Potri.008G166300",6921,"Potra000778",14049,19810,"Potra000778g06126.1",10,5761,0.263,"Serine/threonine-protein",98.07,"Artha|AT2G39840",84.77,"Expressed protein","drought response","Street et al (2006) Plant J","Phytozome (www.phytozome.net) or Popgenie (http://popgenie.org/)","populus trichocarpa x populus deltoides","PU12828","","","","","",""
"122","Potri.008G204900",10412,"Potra000406",156247,158610,"Potra000406g01980.1",7,2363,0.128,"8-vinyl-reductase",98.8,"Artha|AT5G18660",75.36,"DVR (PALE-GREEN AND CHLOROPHYLL B REDUCED 2); 3,8-divinyl protochlorophyllide a 8-vinyl reductase","leaf morphology and leaf development","Street et al (2008) BMC Genomics","Phytozome (www.phytozome.net) or Popgenie (http://popgenie.org/)","populus trichocarpa","","820932","","estExt_fgenesh4_pg.C_LG_VIII1844 estExt_fgenesh4_pg.C_LG_VIII1844","POPTR_0008s20940","POPTR_0008s20940.1",""
"123","Potri.009G007800",18926,"Potra002399",20270,25683,"Potra002399g18258.1",2,5413,0.248,"F family member",98.94,"Artha|AT5G60790",85.77,"ABC transporter family protein similar to ABC transporter homolog PnATH GI:7573600 from
[Populus nigra]","drought response","Street et al (2006) Plant J","Phytozome (www.phytozome.net) or Popgenie (http://popgenie.org/)","populus trichocarpa x populus deltoides","PU02845","","","","","",""
"124","Potri.009G019300",14670,"Potra004159",667,1722,"Potra004159g24639.1",5,1055,0.252,"uncharacterized protein LOC105118643",97.11,"Artha|AT2G27385",44.13,"","leaf morphology and leaf development","Street et al (2008) BMC Genomics","Phytozome (www.phytozome.net) or Popgenie (http://popgenie.org/)","populus trichocarpa","","821599","","estExt_fgenesh4_pg.C_LG_IX1364 estExt_fgenesh4_pg.C_LG_IX1364","POPTR_0009s02440","POPTR_0009s02440.1",""
"125","Potri.009G080600",13626,"Potra000829",49589,53602,"Potra000829g06643.1",5,4013,0.172,"Glutamyl-tRNA reductase",97.4,"Artha|AT1G58290",67,"ATHEMA1 (chlorophyll biosynthesis)","sex specific","Geraldes et al (2015) Mol Ecol","Phytozome (www.phytozome.net) or Popgenie (http://popgenie.org/)","populus trichocarpa","","","","","POPTR_0009s08410","",""
"126","Potri.009G089300",14489,"Potra003339",15744,20396,"Potra003339g21395.1",5,4652,0.297,"ATP-dependent Clp",93.95,"Artha|AT1G49970",63.29,"ATP-dependent Clp protease proteolytic subunit (ClpR1) (nClpP5) identical to nClpP5 GB:BAA82069
GI:5360595 from [Arabidopsis thaliana]; identical to cDNA nClpP5 (nuclear encoded ClpP5)
GI:5360594","drought response","Street et al (2006) Plant J","Phytozome (www.phytozome.net) or Popgenie (http://popgenie.org/)","populus trichocarpa x populus deltoides","PU12103","","","","","",""
"127","Potri.009G089300",14971,"Potra000417",191635,195192,"Potra000417g02123.1",4,3557,0.247,"ATP-dependent Clp",90.07,"Artha|AT1G49970",72.54,"ATP-dependent Clp protease proteolytic subunit (ClpR1) (nClpP5) identical to nClpP5 GB:BAA82069
GI:5360595 from [Arabidopsis thaliana]; identical to cDNA nClpP5 (nuclear encoded ClpP5)
GI:5360594","drought response","Street et al (2006) Plant J","Phytozome (www.phytozome.net) or Popgenie (http://popgenie.org/)","populus trichocarpa x populus deltoides","PU12103","","","","","",""
"128","Potri.009G089300",13359,"Potra000417",191620,195123,"Potra000417g33772.1",5,3503,0.21,"ATP-dependent Clp",88.65,"Artha|AT1G49970",71.13,"ATP-dependent Clp protease proteolytic subunit (ClpR1) (nClpP5) identical to nClpP5 GB:BAA82069
GI:5360595 from [Arabidopsis thaliana]; identical to cDNA nClpP5 (nuclear encoded ClpP5)
GI:5360594","drought response","Street et al (2006) Plant J","Phytozome (www.phytozome.net) or Popgenie (http://popgenie.org/)","populus trichocarpa x populus deltoides","PU12103","","","","","",""
"129","Potri.009G115000",12252,"Potra001094",46237,48977,"Potra001094g09522.1",6,2740,0.22,"Ras-related protein",99.03,"Artha|AT3G18820",94.17,"Ras-related GTP-binding protein, putative","leaf morphology, growth and CO2 response","Taylor et al (2005) New Phytol","Phytozome (www.phytozome.net) or Popgenie (http://popgenie.org/)","populus deltoides x populus nigra","PU12448","","","","","",""
"130","Potri.009G129900",9485,"Potra001257",139491,142492,"Potra001257g10849.1",8,3001,0.204,"Proline-rich protein",92.63,"Artha|AT2G21140",44.66,"Proline-rich family protein","leaf morphology, growth and CO2 response","Taylor et al (2005) New Phytol","Phytozome (www.phytozome.net) or Popgenie (http://popgenie.org/)","populus deltoides x populus nigra","PU08476","","","","","",""
"131","Potri.009G141300",11943,"Potra000572",134920,140943,"Potra000572g04245.1",6,6023,0.319,"Alanine--tRNA ligase",97.42,"Artha|AT5G22800",74.77,"aminoacyl-tRNA synthetase family protein","leaf morphology and leaf development","Street et al (2008) BMC Genomics","Phytozome (www.phytozome.net) or Popgenie (http://popgenie.org/)","populus trichocarpa","","821063","","estExt_fgenesh4_pg.C_LG_IX0259 estExt_fgenesh4_pg.C_LG_IX0259","POPTR_0009s14340","POPTR_0009s14340.1",""
"132","Potri.009G146000",2486,"Potra000358",22732,26931,"Potra000358g01425.1",16,4199,0.251,"aryl-alcohol dehydrogenase",85.75,"Artha|AT2G27680",80.27,"aldo/keto reductase family protein","leaf morphology and leaf development","Street et al (2008) BMC Genomics","Phytozome (www.phytozome.net) or Popgenie (http://popgenie.org/)","populus trichocarpa","","649116","","grail3.0001020101 grail3.0001020101","POPTR_0009s14830","POPTR_0009s14830.1",""
"133","Potri.009G155300",2458,"Potra163910",123,1715,"Potra163910g27135.1",17,1592,0.221,"uncharacterized protein LOC105139293",93.8,"Artha|AT5G20935",78.08,"","leaf morphology and leaf development","Street et al (2008) BMC Genomics","Phytozome (www.phytozome.net) or Popgenie (http://popgenie.org/)","populus trichocarpa","","556890","","eugene3.00090150 eugene3.00090150","POPTR_0009s15720","POPTR_0009s15720.1",""
"134","Potri.009G161500",17291,"Potra001869",37114,38678,"Potra001869g14943.1",3,1564,0.262,"CCR4-associated factor",97.83,"Artha|AT5G22250",72.46,"CCR4-NOT transcription complex protein, putative","leaf morphology and leaf development","Street et al (2008) BMC Genomics","Phytozome (www.phytozome.net) or Popgenie (http://popgenie.org/)","populus trichocarpa","","199881","","gw1.IX.346.1 gw1.IX.346.1","POPTR_0009s16310","POPTR_0009s16310.1",""
"135","Potri.010G008200",3129,"Potra001054",76224,78163,"Potra001054g09026.1",15,1939,0.166,"50S ribosomal protein L18",98.18,"Artha|AT1G48350",71.95,"ribosomal protein L18 family protein","leaf morphology and leaf development","Street et al (2008) BMC Genomics","Phytozome (www.phytozome.net) or Popgenie (http://popgenie.org/)","populus trichocarpa","","725596","","estExt_Genewise1_v1.C_LG_X3691 estExt_Genewise1_v1.C_LG_X3691","POPTR_0155s00210","POPTR_0155s00210.1",""
"136","Potri.010G035100",10315,"Potra000024",85110,87775,"Potra000024g00122.1",7,2665,0.232,"uncharacterized protein LOC105649794 isoform",98.28,"Artha|AT1G59710",63.51,"Expressed protein contains Pfam profile: PF04601 protein of unknown function (DUF569)","drought response","Street et al (2006) Plant J","Phytozome (www.phytozome.net) or Popgenie (http://popgenie.org/)","populus trichocarpa x populus deltoides","PU11800","","","","","",""
"137","Potri.010G053600",10427,"Potra000424",15236,17937,"Potra000424g02220.1",7,2701,0.195,"Protein HHL1, chloroplastic",97.48,"Artha|AT1G67700",71.19,"","leaf morphology and leaf development","Street et al (2008) BMC Genomics","Phytozome (www.phytozome.net) or Popgenie (http://popgenie.org/)","populus trichocarpa","","726142","","estExt_Genewise1_v1.C_LG_X4972 estExt_Genewise1_v1.C_LG_X4972","POPTR_0010s06350","POPTR_0010s06350.1",""
"138","Potri.010G068900",14055,"Potra001740",52372,54393,"Potra001740g14179.1",5,2021,0.236,"Peroxisomal membrane protein",95.98,"Artha|AT4G14305",66.67,"","leaf morphology and leaf development","Street et al (2008) BMC Genomics","Phytozome (www.phytozome.net) or Popgenie (http://popgenie.org/)","populus trichocarpa","","725882","","estExt_Genewise1_v1.C_LG_X4483 estExt_Genewise1_v1.C_LG_X4483","POPTR_0010s07960","POPTR_0010s07960.1",""
"139","Potri.010G080700",8530,"Potra002152",94732,101637,"Potra002152g16649.1",9,6905,0.112,"Pyruvate kinase isozyme",98.31,"Artha|AT3G22960",77.98,"Pyruvate kinase, putative","leaf morphology, growth and CO2 response","Taylor et al (2005) New Phytol","Phytozome (www.phytozome.net) or Popgenie (http://popgenie.org/)","populus deltoides x populus nigra","PU06984","","","","","",""
"140","Potri.010G110400",2731,"Potra001916",76739,78767,"Potra001916g15206.1",16,2028,0.168,"H-quinone oxidoreductase",94.68,"Artha|AT1G70760",54.69,"inorganic carbon transport protein-related","leaf morphology and leaf development","Street et al (2008) BMC Genomics","Phytozome (www.phytozome.net) or Popgenie (http://popgenie.org/)","populus trichocarpa","","822072","","estExt_fgenesh4_pg.C_LG_X0996 estExt_fgenesh4_pg.C_LG_X0996","POPTR_0010s12050","POPTR_0010s12050.1",""
"141","Potri.010G123400",10495,"Potra000520",275804,278603,"Potra000520g03504.1",7,2799,0.193,"Universal stress protein",95.95,"Artha|AT1G68300",40.13,"ethylene-responsive protein,
similar to Universal Stress
Protein (USP)","leaf morphology and leaf development","Street et al (2008) BMC Genomics","Phytozome (www.phytozome.net) or Popgenie (http://popgenie.org/)","populus trichocarpa","","822127","","estExt_fgenesh4_pg.C_LG_X1117 estExt_fgenesh4_pg.C_L
G_X1117","POPTR_0010s13330","POPTR_0010s13330.1",""
"142","Potri.010G136800",9481,"Potra001250",57083,63723,"Potra001250g10755.1",8,6640,0.186,"Heat shock protein",96.97,"Artha|AT2G04030",82.89,"Heat-shock protein, putative strong similarity to heat-shock protein [Arabidopsis thaliana] GI:1906830","leaf morphology, growth and CO2 response","Taylor et al (2005) New Phytol","Phytozome (www.phytozome.net) or Popgenie (http://popgenie.org/)","populus deltoides x populus nigra","PU12050","","","","","",""
"143","Potri.010G136800",9481,"Potra001250",57083,63723,"Potra001250g10755.1",8,6640,0.186,"Heat shock protein",96.97,"Artha|AT2G04030",82.89,"CR88 (EMBRYO DEFECTIVE 1956); ATP binding","leaf morphology and leaf development","Street et al (2008) BMC Genomics","Phytozome (www.phytozome.net) or Popgenie (http://popgenie.org/)","populus trichocarpa","","822177","","estExt_fgenesh4_pg.C_LG_X1234 estExt_fgenesh4_pg.C_LG_X1234","POPTR_0010s14660","POPTR_0010s14660.1",""
"144","Potri.010G141300",17230,"Potra001706",23681,28135,"Potra001706g13905.1",3,4454,0.174,"uncharacterized protein LOC105114874 isoform",98.02,"Artha|AT4G16146",62.64,"Expressed protein","drought response","Street et al (2006) Plant J","Phytozome (www.phytozome.net) or Popgenie (http://popgenie.org/)","populus trichocarpa x populus deltoides","PU03615","","","","","",""
"145","Potri.010G158800",3903,"Potra002547",70179,75409,"Potra002547g19195.1",14,5230,0.206,"2-hydroxy-6",87.7,"Artha|AT1G13820",63,"hydrolase, alpha/beta fold family protein","leaf morphology and leaf development","Street et al (2008) BMC Genomics","Phytozome (www.phytozome.net) or Popgenie (http://popgenie.org/)","populus trichocarpa","","566934","","eugene3.00101492 eugene3.00101492","POPTR_0010s16630","POPTR_0010s16630.1",""
"146","Potri.010G166800",10309,"Potra196437",22,528,"Potra196437g29106.1",8,506,0.144,"NDH subunit of lumenal location 2, chloroplastic",97.02,"Artha|AT1G14150",50.88,"oxygen evolving enhancer 3 (PsbQ) family protein","leaf morphology and leaf development","Street et al (2008) BMC Genomics","Phytozome (www.phytozome.net) or Popgenie (http://popgenie.org/)","populus trichocarpa","","822298","","estExt_fgenesh4_pg.C_LG_X1487 estExt_fgenesh4_pg.C_LG_X1487","POPTR_0010s17400","POPTR_0010s17400.1",""
"147","Potri.010G170100",4133,"Potra000302",7519,12295,"Potra000302g01094.1",13,4776,0.161,"protein LOC8267163 isoform",95.65,"Artha|AT3G19810",52.6,"","leaf morphology and leaf development","Street et al (2008) BMC Genomics","Phytozome (www.phytozome.net) or Popgenie (http://popgenie.org/)","populus trichocarpa","","770043","","fgenesh4_pg.C_LG_X001533 fgenesh4_pg.C_LG_X001533","POPTR_0010s17720","POPTR_0010s17720.1",""
"148","Potri.010G174400",590,"Potra000908",41079,43578,"Potra000908g07362.1",24,2499,0.2,"Organic cation/carnitine",96.48,"Artha|AT1G16390",65.82,"Potassium transporter (KUP1)","leaf morphology, growth and CO2 response","Taylor et al (2005) New Phytol","Phytozome (www.phytozome.net) or Popgenie (http://popgenie.org/)","populus deltoides x populus nigra","PU28637","","","","","",""
"149","Potri.010G193300",607,"Potra001347",56870,61037,"Potra001347g11566.1",24,4167,0.249,"7-bisphosphatase, chloroplastic",98.72,"Artha|AT3G55800",80.76,"SBPASE (sedoheptulose-bisphosphatase); phosphoric ester hydrolase","leaf morphology and leaf development","Street et al (2008) BMC Genomics","Phytozome (www.phytozome.net) or Popgenie (http://popgenie.org/)","populus trichocarpa","","567316","","eugene3.00101874 eugene3.00101874","POPTR_0010s20060","POPTR_0010s20060.1",""
"150","Potri.010G250200",2662,"Potra001342",42529,45996,"Potra001342g11498.1",16,3467,0.252,"Glutamyl-tRNA reductase-binding",96.24,"Artha|AT3G21200",64.13,"","leaf morphology and leaf development","Street et al (2008) BMC Genomics","Phytozome (www.phytozome.net) or Popgenie (http://popgenie.org/)","populus trichocarpa","","822660","","estExt_fgenesh4_pg.C_LG_X2166 estExt_fgenesh4_pg.C_LG_X2166","POPTR_0010s25670","POPTR_0010s25670.1",""
"151","Potri.011G047300",20396,"Potra152996",2106,4235,"Potra152996g26723.1",1,2129,0.353,"Polyphenol oxidase, chloroplastic",96.44,NA,NA,"polyphenol oxidase 3 (PPO3)","herbivory and wounding","Bernhardsson & Ingvarsson (2011) PLoS One; Bernhardsson & Ingvarsson (2012) Mol Ecol; Bernhardsson et al (2013) Ecol Lett","Phytozome (www.phytozome.net) or Popgenie (http://popgenie.org/)","populus trichocarpa","","","","","POPTR_0011s04710","POPTR_0011s04710.1",""
"152","Potri.011G066900",7744,"Potra162262",236,2494,"Potra162262g27003.1",10,2258,0.193,"Cysteine protease 1",91.16,"Artha|AT1G09850",50.94,"cysteine proteinase (RD21A) / thiol protease","leaf morphology and leaf development","Street et al (2008) BMC Genomics","Phytozome (www.phytozome.net) or Popgenie (http://popgenie.org/)","populus trichocarpa","","822940","","estExt_fgenesh4_pg.C_LG_XI0786 estExt_fgenesh4_pg.C_LG_XI0786","POPTR_0011s07300","POPTR_0011s07300.1",""
"153","Potri.011G092800",13645,"Potra000870",91455,94343,"Potra000870g07012.1",5,2888,0.246,"30S ribosomal protein S10",96.63,"Artha|AT3G13120",63.51,"30S ribosomal protein S10, chloroplast, putative","leaf morphology and leaf development","Street et al (2008) BMC Genomics","Phytozome (www.phytozome.net) or Popgenie (http://popgenie.org/)","populus trichocarpa","","728017","","estExt_Genewise1_v1.C_LG_XI2898 estExt_Genewise1_v1.C_LG_XI2898","POPTR_0011s09530","POPTR_0011s09530.2",""
"154","Potri.011G152200",12237,"Potra001066",197885,203145,"Potra001066g09189.1",6,5260,0.099,"bound starch synthase 1",93.42,"Artha|AT1G32900",70.42,"Starch synthase, putative similar to starch synthase SP:Q42857 from [Ipomoea batatas]","drought response","Street et al (2006) Plant J","Phytozome (www.phytozome.net) or Popgenie (http://popgenie.org/)","populus trichocarpa x populus deltoides","PU13521","","","","","",""
"155","Potri.012G032700",16178,"Potra003674",2405,3882,"Potra003674g22395.1",4,1477,0.121,"Flavonol 3-sulfotransferase",96.68,"Artha|AT1G74100",42.9,"sulfotransferase family protein","leaf morphology and leaf development","Street et al (2008) BMC Genomics","Phytozome (www.phytozome.net) or Popgenie (http://popgenie.org/)","populus trichocarpa","","569469","","eugene3.00120122 eugene3.00120122","POPTR_0012s01280","POPTR_0012s01280.1",""
"156","Potri.012G041400",8338,"Potra001438",45757,50838,"Potra001438g12105.1",9,5081,0.138,"alpha-acetyltransferase 40",95.58,"Artha|AT1G18335",59.05,"GCN5-related N-acetyltransferase (GNAT) family protein contains Pfam profile PF00583:
acetyltransferase, GNAT family","drought response","Street et al (2006) Plant J","Phytozome (www.phytozome.net) or Popgenie (http://popgenie.org/)","populus trichocarpa x populus deltoides","PU04424","","","","","",""
"157","Potri.012G145000",14226,"Potra002235",17097,19343,"Potra002235g17171.1",5,2246,0.17,"L1 domain-containing",97.83,"Artha|AT3G58660",59.44,"60S ribosomal protein related","leaf morphology and CO2 response","Rae et al. (2006) Plant Cell Environ; Taylor et al (2005) New Phytol","Phytozome (www.phytozome.net) or Popgenie (http://popgenie.org/)","populus deltoides x populus nigra","PU06463","","","","","",""
"158","Potri.013G000300",17603,"Potra002935",19842,27503,"Potra002935g20343.1",3,7661,0.284,"Phytochrome type A",98.93,"Artha|AT1G09570",82.62,"PHYA (photoreceptors)","phenology","Keller et al (2012) Mol Biol Evol","Phytozome (www.phytozome.net) or Popgenie (http://popgenie.org/)","populus trichocarpa","","","","","POPTR_0013s00220","POPTR_0013s00220.1",""
"159","Potri.013G011900",19141,"Potra003708",20384,27818,"Potra003708g22509.1",2,7434,0.432,"Eukaryotic translation initiation factor 3 subunit A",98.39,"Artha|AT4G11420",71.98,"Eukaryotic translation initiation factor 3 subunit 10/eIF-3 theta/eIF3a (TIF3A1)","leaf morphology, growth and CO2 response","Taylor et al (2005) New Phytol","Phytozome (www.phytozome.net) or Popgenie (http://popgenie.org/)","populus deltoides x populus nigra","PU08927","","","","","",""
"160","Potri.013G012200",6105,"Potra001330",72827,76074,"Potra001330g11438.1",11,3247,0.15,"protein phosphatase 2C",98.07,"Artha|AT5G27930",73.2,"protein phosphatase 2C, putative / PP2C, putative","leaf morphology and leaf development","Street et al (2008) BMC Genomics","Phytozome (www.phytozome.net) or Popgenie (http://popgenie.org/)","populus trichocarpa","","729481","","estExt_Genewise1_v1.C_LG_XIII0701 estExt_Genewise1_v1.C_LG_XIII0701","POPTR_0013s01370","POPTR_0013s01370.1",""
"161","Potri.013G020800",106,"Potra002724",24790,28280,"Potra002724g19845.1",33,3490,0.191,"Probable adenylate kinase 5, chloroplastic",97.35,"Artha|AT5G27560",65.41,"","leaf morphology and leaf development","Street et al (2008) BMC Genomics","Phytozome (www.phytozome.net) or Popgenie (http://popgenie.org/)","populus trichocarpa","","570826","","eugene3.00130190 eugene3.00130190","POPTR_0013s02160","POPTR_0013s02160.1",""
"162","Potri.013G029000",474,"Potra000721",10672,13678,"Potra000721g05640.1",25,3006,0.2,"uncharacterized protein LOC105124970",96.67,"Artha|AT5G27290",77.1,"","leaf morphology and leaf development","Street et al (2008) BMC Genomics","Phytozome (www.phytozome.net) or Popgenie (http://popgenie.org/)","populus trichocarpa","","240941","","gw1.XIII.1190.1 gw1.XIII.1190.1","POPTR_0013s03000","POPTR_0013s03000.1",""
"163","Potri.013G040900",16732,"Potra000605",69810,74610,"Potra000605g04599.1",3,4800,0.122,"protein translocase protein",93.86,"Artha|AT5G28750",81.03,"thylakoid assembly protein, putative","leaf morphology and leaf development","Street et al (2008) BMC Genomics","Phytozome (www.phytozome.net) or Popgenie (http://popgenie.org/)","populus trichocarpa","","571038","","eugene3.00130402 eugene3.00130402","POPTR_0013s03820","POPTR_0013s03820.1",""
"164","Potri.013G108100",8599,"Potra002367",33621,37425,"Potra002367g18035.1",9,3804,0.137,"conserved unknown protein",96.61,"Artha|AT1G22630",80,"","leaf morphology and leaf development","Street et al (2008) BMC Genomics","Phytozome (www.phytozome.net) or Popgenie (http://popgenie.org/)","populus trichocarpa","","678140","","grail3.0041009401 grail3.0041009401","POPTR_0013s11250","POPTR_0013s11250.1",""
"165","Potri.013G128700",15822,"Potra002113",69216,70168,"Potra002113g16412.1",4,952,0.124,"uncharacterized protein LOC105134595",98.45,"Artha|AT1G21500",57.14,"","leaf morphology and leaf development","Street et al (2008) BMC Genomics","Phytozome (www.phytozome.net) or Popgenie (http://popgenie.org/)","populus trichocarpa","","828173","","estExt_fgenesh4_pg.C_1420039 estExt_fgenesh4_pg.C_1420039","POPTR_0013s13230","POPTR_0013s13230.1",""
"166","Potri.013G154700",654,"Potra003387",25646,27997,"Potra003387g21525.1",24,2351,0.274,"expansin-A8-like",98,"Artha|AT2G40610",80.99,"Expansin, putative (EXP8) similar to expansin 2 GI:7025493 from [Zinnia elegans];
alpha-expansin gene family, PMID:11641069","drought response","Street et al (2006) Plant J","Phytozome (www.phytozome.net) or Popgenie (http://popgenie.org/)","populus trichocarpa x populus deltoides","PU01231","","","","","",""
"167","Potri.013G161000",5722,"Potra000138",58004,60484,"Potra000138g00476.1",11,2480,0.202,"Uncharacterized protein ycf54",97.29,"Artha|AT5G58250",75.52,"","leaf morphology and leaf development","Street et al (2008) BMC Genomics","Phytozome (www.phytozome.net) or Popgenie (http://popgenie.org/)","populus trichocarpa","","729291","","estExt_Genewise1_v1.C_LG_XIII0363 estExt_Genewise1_v1.C_LG_XIII0363","POPTR_0013s15690","POPTR_0013s15690.2",""
"168","Potri.014G034800",1811,"Potra001200",65956,71213,"Potra001200g10371.1",18,5257,0.234,"uncharacterized protein LOC105129939",97.83,"Artha|AT5G42690",55.49,"Expressed protein contains Pfam profile PF04784: Protein of unknown function, DUF547;
expression supported by MPSS","drought response","Street et al (2006) Plant J","Phytozome (www.phytozome.net) or Popgenie (http://popgenie.org/)","populus trichocarpa x populus deltoides","PU04754","","","","","",""
"169","Potri.014G058500",10408,"Potra000395",190732,196928,"Potra000395g01840.1",7,6196,0.367,"protein 1 subunit",99.42,"Artha|AT3G20050",89.81,"T-complex protein 1 alpha subunit/TCP-1-alpha/chaperonin (CCT1)","leaf morphology, growth and CO2 response","Taylor et al (2005) New Phytol","Phytozome (www.phytozome.net) or Popgenie (http://popgenie.org/)","populus deltoides x populus nigra","PU09638","","","","","",""
"170","Potri.014G082100",10539,"Potra000569",117323,122964,"Potra000569g04206.1",7,5641,0.157,"motif nuclear-localized protein",97.92,"Artha|AT2G45850",52.21,"DNA-binding family protein","leaf morphology and leaf development","Street et al (2008) BMC Genomics","Phytozome (www.phytozome.net) or Popgenie (http://popgenie.org/)","populus trichocarpa","","572234","","eugene3.00140279 eugene3.00140279","POPTR_0014s07790","POPTR_0014s07790.1",""
"171","Potri.014G094100",9181,"Potra000551",40184,43051,"Potra000551g35381.1",8,2867,0.316,"GDSL esterase/lipase",98.35,"Artha|AT4G01130",71.1,"acetylesterase, putative","leaf morphology and leaf development","Street et al (2008) BMC Genomics","Phytozome (www.phytozome.net) or Popgenie (http://popgenie.org/)","populus trichocarpa","","807357","","fgenesh4_pm.C_LG_XIV000167 fgenesh4_pm.C_LG_XIV000167","POPTR_0014s08980","POPTR_0014s08980.1",""
"172","Potri.014G094100",9180,"Potra000551",39828,44185,"Potra000551g03962.1",8,4357,0.316,"GDSL esterase/lipase",98.35,"Artha|AT4G01130",71.1,"acetylesterase, putative","leaf morphology and leaf development","Street et al (2008) BMC Genomics","Phytozome (www.phytozome.net) or Popgenie (http://popgenie.org/)","populus trichocarpa","","807357","","fgenesh4_pm.C_LG_XIV000167 fgenesh4_pm.C_LG_XIV000167","POPTR_0014s08980","POPTR_0014s08980.1",""
"173","Potri.014G096500",7151,"Potra001368",58349,63373,"Potra001368g11691.1",10,5024,0.193,"like domain-containing protein",97.27,"Artha|AT4G01050",56.3,"hydroxyproline-rich glycoprotein family protein","leaf morphology and leaf development","Street et al (2008) BMC Genomics","Phytozome (www.phytozome.net) or Popgenie (http://popgenie.org/)","populus trichocarpa","","731296","","estExt_Genewise1_v1.C_LG_XIV1629 estExt_Genewise1_v1.C_LG_XIV1629","POPTR_0014s09220","POPTR_0014s09220.1",""
"174","Potri.014G096800",10937,"Potra001368",71829,74876,"Potra001368g11693.1",7,3047,0.075,"Protein ROOT PRIMORDIUM DEFECTIVE",97.35,"Artha|AT4G01037",63.94,"EMB1692 (EMBRYO DEFECTIVE 1692)","leaf morphology and leaf development","Street et al (2008) BMC Genomics","Phytozome (www.phytozome.net) or Popgenie (http://popgenie.org/)","populus trichocarpa","","774485","","fgenesh4_pg.C_LG_XIV000395 fgenesh4_pg.C_LG_XIV000395","POPTR_0014s09250","POPTR_0014s09250.1",""
"175","Potri.014G102100",864,"Potra001051",5550,10115,"Potra001051g08940.1",22,4565,0.255,"ATP synthase delta chain, chloroplastic",96.55,"Artha|AT4G00895",41.44,"ATP synthase delta chain, chloroplast, putative / H(+)-transporting two-sector ATPase, delta (OSCP) subunit, putative","leaf morphology and leaf development","Street et al (2008) BMC Genomics","Phytozome (www.phytozome.net) or Popgenie (http://popgenie.org/)","populus trichocarpa","","572432","","eugene3.00140477 eugene3.00140477","POPTR_0014s09760","POPTR_0014s09760.1",""
"176","Potri.014G102100",864,"Potra001051",5550,10115,"Potra001051g08940.1",22,4565,0.255,"ATP synthase delta chain, chloroplastic",96.55,"Artha|AT4G00895",41.44,"PF01658:Myo-inositol-1-phosphate","drought response","Street et al (2006) Plant J","Phytozome (www.phytozome.net) or Popgenie (http://popgenie.org/)","populus trichocarpa x populus deltoides","PU09111","","","","","",""
"177","Potri.014G129100",12599,"Potra001960",4822,7671,"Potra001960g15483.1",6,2849,0.145,"Small nuclear ribonucleoprotein",100,"Artha|AT2G47640",90.74,"small nuclear ribonucleoprotein D2, putative / snRNP core protein D2, putative / Sm protein D2, putative","leaf morphology and leaf development","Street et al (2008) BMC Genomics","Phytozome (www.phytozome.net) or Popgenie (http://popgenie.org/)","populus trichocarpa","","814376","","estExt_fgenesh4_kg.C_LG_XIV0024 estExt_fgenesh4_kg.C_LG_XIV0024","POPTR_0014s12370","POPTR_0014s12370.1",""
"178","Potri.014G153000",8164,"Potra001014",26756,30047,"Potra001014g08457.1",9,3291,0.289,"ribosomal protein L6",100,"Artha|AT1G05190",73.02,"EMB2394 (EMBRYO DEFECTIVE 2394); structural constituent of ribosome","leaf morphology and leaf development","Street et al (2008) BMC Genomics","Phytozome (www.phytozome.net) or Popgenie (http://popgenie.org/)","populus trichocarpa","","572955","","eugene3.00141000 eugene3.00141000","POPTR_0014s15120","POPTR_0014s15120.1",""
"179","Potri.014G156900",6803,"Potra000503",55811,57636,"Potra000503g03262.1",10,1825,0.213,"uncharacterized protein LOC104424737 isoform",97.16,"Artha|AT2G32650",68.09,"PTAC18 (PLASTID TRANSCRIPTIONALLY ACTIVE18)","leaf morphology and leaf development","Street et al (2008) BMC Genomics","Phytozome (www.phytozome.net) or Popgenie (http://popgenie.org/)","populus trichocarpa","","664772","","grail3.0012023001 grail3.0012023001","POPTR_0014s15510","POPTR_0014s15510.1",""
"180","Potri.014G167300",20283,"Potra003798",4872,5883,"Potra003798g22894.1",1,1011,0.183,"uncharacterized protein LOC105115113 isoform X1",99.15,"Artha|AT2G05310",84.81,"","leaf morphology and leaf development","Street et al (2008) BMC Genomics","Phytozome (www.phytozome.net) or Popgenie (http://popgenie.org/)","populus trichocarpa","","732457","","estExt_Genewise1_v1.C_LG_XIV3760 estExt_Genewise1_v1.C_LG_XIV3760","POPTR_0014s16530","POPTR_0014s16530.1",""
"181","Potri.015G030600",3428,"Potra004245",893,5242,"Potra004245g24727.1",15,4349,0.345,"dihydropyrimidine dehydrogenase subunit",99.3,"Artha|AT3G17810",87.11,"Dihydroorotate dehydrogenase family protein/dihydroorotate oxidase family protein low similarity
to SP|Q12882 Dihydropyrimidine dehydrogenase [NADPþ] precursor (EC 1.3.1.2) (DPD)
(DHPDHase) (Dihydrouracil dehydrogenase) (Dihydrothymine dehydrogenase) {Homo sapiens};
contains Pfam profile PF01180: Dihydroorotate dehydrogenase","drought response","Street et al (2006) Plant J","Phytozome (www.phytozome.net) or Popgenie (http://popgenie.org/)","populus trichocarpa x populus deltoides","PU05949","","","","","",""
"182","Potri.015G030600",3428,"Potra004245",893,5242,"Potra004245g24727.1",15,4349,0.345,"dihydropyrimidine dehydrogenase subunit",99.3,"Artha|AT3G17810",87.11,"Dihydroorotate dehydrogenase family protein/dihydroorotate oxidase family protein low similarity
to SP|Q12882 Dihydropyrimidine dehydrogenase [NADPþ] precursor (EC 1.3.1.2) (DPD)
(DHPDHase) (Dihydrouracil dehydrogenase) (Dihydrothymine dehydrogenase) {Homo sapiens};
contains Pfam profile PF01180: Dihydroorotate dehydrogenase","drought response","Street et al (2006) Plant J","Phytozome (www.phytozome.net) or Popgenie (http://popgenie.org/)","populus trichocarpa x populus deltoides","PU12988","","","","","",""
"183","Potri.015G079000",18895,"Potra002290",2434,9992,"Potra002290g17528.1",2,7558,0.198,"uncharacterized protein LOC105128518",97.04,"Artha|AT3G48200",59.32,"","leaf morphology and leaf development","Street et al (2008) BMC Genomics","Phytozome (www.phytozome.net) or Popgenie (http://popgenie.org/)","populus trichocarpa","","575185","","eugene3.00150580 eugene3.00150580","POPTR_0015s09010","POPTR_0015s09010.1",""
"184","Potri.015G106900",2127,"Potra000666",61680,64931,"Potra000666g05160.1",17,3251,0.197,"Floricaula/leafy homolog",92.64,"Artha|AT5G61850",58.56,"LEAFY (LFY)","phenology","Olsen et al (2013) Mol Ecol","Phytozome (www.phytozome.net) or Popgenie (http://popgenie.org/)","Populus balsamifera","","","","","POPTR_0015s11820"," POPTR_0015s11820.1",""
"185","Potri.015G106900",2127,"Potra000666",61680,64931,"Potra000666g05160.1",17,3251,0.197,"Floricaula/leafy homolog",92.64,"Artha|AT5G61850",58.56,"LFY (downstream targets)","phenology","Keller et al (2012) Mol Biol Evol","Phytozome (www.phytozome.net) or Popgenie (http://popgenie.org/)","populus trichocarpa","","","","","POPTR_0015s11820","POPTR_0015s11820.1",""
"186","Potri.015G108100",2317,"Potra002229",61728,63286,"Potra002229g17135.1",17,1558,0.099,"rubredoxin family protein",97.65,"Artha|AT5G51010",60.53,"rubredoxin family protein","leaf morphology and leaf development","Street et al (2008) BMC Genomics","Phytozome (www.phytozome.net) or Popgenie (http://popgenie.org/)","populus trichocarpa","","733802","","estExt_Genewise1_v1.C_LG_XV2458 estExt_Genewise1_v1.C_LG_XV2458","POPTR_0015s11940","POPTR_0015s11940.1",""
"187","Potri.015G110100",2810,"Potra002517",12920,17617,"Potra002517g18993.1",16,4697,0.23,"FRIGIDA-like protein",97.67,"Artha|AT4G00650",42.09,"FRIGIDA (Vernalization)","phenology","Keller et al (2012) Mol Biol Evol","Phytozome (www.phytozome.net) or Popgenie (http://popgenie.org/)","populus trichocarpa","","","","","POPTR_0015s12160","POPTR_0015s12160.1",""
"188","Potri.015G110100",2810,"Potra002517",12920,17617,"Potra002517g18993.1",16,4697,0.23,"FRIGIDA-like protein",97.67,"Artha|AT4G00650",42.09,"FRIGIDA (FRI)","phenology","Olsen et al (2013) Mol Ecol","Phytozome (www.phytozome.net) or Popgenie (http://popgenie.org/)","Populus balsamifera","","","","","POPTR_0015s12160"," POPTR_0015s12160.1",""
"189","Potri.016G006800",20080,"Potra002322",250403,253081,"Potra002322g17757.1",1,2678,0.435,"repeat-containing protein",97.43,"Artha|AT4G16390",66.01,"chloroplastic RNA-binding protein P67, putative","leaf morphology and leaf development","Street et al (2008) BMC Genomics","Phytozome (www.phytozome.net) or Popgenie (http://popgenie.org/)","populus trichocarpa","","254678","","gw1.XVI.617.1 gw1.XVI.617.1","POPTR_0016s00860","POPTR_0016s00860.1",""
"190","Potri.016G006800",20080,"Potra002322",250403,253081,"Potra002322g17757.1",1,2678,0.435,"repeat-containing protein",97.43,"Artha|AT4G16390",66.01,"Chloroplastic RNA-binding protein P67, putative nearly","leaf morphology, growth and CO2 response","Taylor et al (2005) New Phytol","Phytozome (www.phytozome.net) or Popgenie (http://popgenie.org/)","populus deltoides x populus nigra","PU08917","","","","","",""
"191","Potri.016G027600",13781,"Potra001067",52804,53121,"Potra001067g09197.1",5,317,0.103,"ribosomal protein 5",99.05,"Artha|AT3G56910",58.7,"PSRP5 (PLASTID-SPECIFIC 50S RIBOSOMAL PROTEIN 5)","leaf morphology and leaf development","Street et al (2008) BMC Genomics","Phytozome (www.phytozome.net) or Popgenie (http://popgenie.org/)","populus trichocarpa","","835368","","estExt_fgenesh4_pm.C_LG_XVI0067 estExt_fgenesh4_pm.C_LG_XVI0067","POPTR_0016s02760","POPTR_0016s02760.1",""
"192","Potri.016G036200",14926,"Potra000348",14721,23739,"Potra000348g01245.1",4,9018,0.338,"gyrase subunit B",97.61,"Artha|AT5G04130",80.72,"DNA topoisomerase, ATP-hydrolyzing, putative / DNA topoisomerase II, putative / DNA gyrase, putative","leaf morphology and leaf development","Street et al (2008) BMC Genomics","Phytozome (www.phytozome.net) or Popgenie (http://popgenie.org/)","populus trichocarpa","","576166","","eugene3.00160301 eugene3.00160301","POPTR_0016s03560","POPTR_0016s03560.1",""
"193","Potri.016G065900",970,"Potra003888",37553,45993,"Potra003888g23352.1",22,8440,0.23,"ABC transporter G family member",98.79,"Artha|AT5G06530",79.36,"ABC transporter family protein","drought response","Street et al (2006) Plant J","Phytozome (www.phytozome.net) or Popgenie (http://popgenie.org/)","populus trichocarpa x populus deltoides","PU10578","","","","","",""
"194","Potri.016G066000",8828,"Potra003888",45476,51707,"Potra003888g23353.1",9,6231,0.322,"Prolycopene isomerase, chloroplastic",98.92,"Artha|AT1G06820",87.92,"ABC transporter family protein","drought response","Street et al (2006) Plant J","Phytozome (www.phytozome.net) or Popgenie (http://popgenie.org/)","populus trichocarpa x populus deltoides","PU10578","","","","","",""
"195","Potri.016G066100",2882,"Potra003888",54452,59622,"Potra003888g23354.1",16,5170,0.155,"Probable sucrose-phosphatase",93.45,"Artha|AT2G35840",74.73,"Sucrose-phosphatase 1 (SPP1) identical to sucrose-phosphatase (SPP1) [Arabidopsis thaliana]
GI:11127757","drought response","Street et al (2006) Plant J","Phytozome (www.phytozome.net) or Popgenie (http://popgenie.org/)","populus trichocarpa x populus deltoides","PU04760","","","","","",""
"196","Potri.016G096600",17790,"Potra003952",58814,64876,"Potra003952g23731.1",3,6062,0.305,"FK506-binding protein",97.47,"Artha|AT3G10060",83.82,"immunophilin, putative / FKBP-type peptidyl-prolyl cis-trans isomerase, putative","leaf morphology and leaf development","Street et al (2008) BMC Genomics","Phytozome (www.phytozome.net) or Popgenie (http://popgenie.org/)","populus trichocarpa","","825269","","estExt_fgenesh4_pg.C_LG_XVI0861 estExt_fgenesh4_pg.C_LG_XVI0861","POPTR_0016s10970","POPTR_0016s10970.1",""
"197","Potri.016G117100",9336,"Potra000923",49400,52663,"Potra000923g07472.1",8,3263,0.099,"Codeine O-demethylase",98.36,"Artha|AT5G05600",64.07,"oxidoreductase, 2OG-Fe(II) oxygenase family protein","leaf morphology and leaf development","Street et al (2008) BMC Genomics","Phytozome (www.phytozome.net) or Popgenie (http://popgenie.org/)","populus trichocarpa","","835574","","estExt_fgenesh4_pm.C_LG_XVI0427 estExt_fgenesh4_pm.C_LG_XVI0427","POPTR_0016s12440","POPTR_0016s12440.1",""
"198","Potri.016G132600",11590,"Potra004122",5521,7453,"Potra004122g24541.1",7,1932,0.185,"Transcription factor SCREAM2",100,"Artha|AT2G40435",54.61,"Expressed protein","drought response","Street et al (2006) Plant J","Phytozome (www.phytozome.net) or Popgenie (http://popgenie.org/)","populus trichocarpa x populus deltoides","PU05730","","","","","",""
"199","Potri.017G114600",12300,"Potra001199",7720,10294,"Potra001199g10362.1",6,2574,0.169,"bisphosphate carboxylase small chain",94.34,"Artha|AT1G67090",78.85,"ribulose bisphosphate carboxylase small chain 1A / RuBisCO small subunit 1A (RBCS-1A) (ATS1A)","leaf morphology and leaf development","Street et al (2008) BMC Genomics","Phytozome (www.phytozome.net) or Popgenie (http://popgenie.org/)","populus trichocarpa","","580797","","eugene3.01230087 eugene3.01230087","POPTR_0005s15660","POPTR_0005s15660.1",""
"200","Potri.017G155300",5949,"Potra000865",79420,83939,"Potra000865g06987.1",11,4519,0.176,"ABC transporter G family member",98.3,"Artha|AT1G17840",84.79,"ABC transporter family protein","leaf morphology and leaf development","Street et al (2008) BMC Genomics","Phytozome (www.phytozome.net) or Popgenie (http://popgenie.org/)","populus trichocarpa","","276505","","gw1.184.108.1 gw1.184.108.1","POPTR_0017s03590","POPTR_0017s03590.1",""
"201","Potri.018G028500",3271,"Potra002208",14906,16327,"Potra002208g16995.1",15,1421,0.227,"uncharacterized protein LOC105127051",81.01,"Artha|AT3G47650",51.54,"bundle-sheath defective protein 2 family / bsd2 family","leaf morphology and leaf development","Street et al (2008) BMC Genomics","Phytozome (www.phytozome.net) or Popgenie (http://popgenie.org/)","populus trichocarpa","","814484","","estExt_fgenesh4_kg.C_LG_XVIII0013 estExt_fgenesh4_kg.C_LG_XVIII0013","POPTR_0018s01630","POPTR_0018s01630.1",""
"202","Potri.018G060300",14202,"Potra002171",32142,37241,"Potra002171g16757.1",5,5099,0.222,"Protein phosphatase 2C",92.82,"Artha|AT1G72770",57.24,"ABI1D (Abscisic acid sensitivity)","phenology","Keller et al (2012) Mol Biol Evol","Phytozome (www.phytozome.net) or Popgenie (http://popgenie.org/)","populus trichocarpa","","","","","POPTR_0018s04570","POPTR_0018s04570.1",""
"203","Potri.018G060300",14202,"Potra002171",32142,37241,"Potra002171g16757.1",5,5099,0.222,"Protein phosphatase 2C",92.82,"Artha|AT1G72770",57.24,"Abscissic acid sensitivity (ABi1D)","phenology","Olsen et al (2013) Mol Ecol","Phytozome (www.phytozome.net) or Popgenie (http://popgenie.org/)","Populus balsamifera","","","","","POPTR_0018s04570"," POPTR_0018s04570.1",""
"204","Potri.018G060300",14202,"Potra002171",32142,37241,"Potra002171g16757.1",5,5099,0.222,"Protein phosphatase 2C",92.82,"Artha|AT1G72770",57.24,"Abscissic acid sensitivity (ABi1D)","phenology","Olsen et al (2013) Mol Ecol","Phytozome (www.phytozome.net) or Popgenie (http://popgenie.org/)","Populus balsamifera","","","","","POPTR_0018s04570"," POPTR_0018s04570.2",""
"205","Potri.018G060300",14202,"Potra002171",32142,37241,"Potra002171g16757.1",5,5099,0.222,"Protein phosphatase 2C",92.82,"Artha|AT1G72770",57.24,"ABI1D (Abscisic acid sensitivity)","phenology","Keller et al (2012) Mol Biol Evol","Phytozome (www.phytozome.net) or Popgenie (http://popgenie.org/)","populus trichocarpa","","","","","POPTR_0018s04570","POPTR_0018s04570.2",""
"206","Potri.018G065200",10679,"Potra000890",378,1241,"Potra000890g07188.1",7,863,0.13,"membrane family protein",96.61,"Artha|AT2G06520",57.63,"PSBX (photosystem II subunit X)","leaf morphology and leaf development","Street et al (2008) BMC Genomics","Phytozome (www.phytozome.net) or Popgenie (http://popgenie.org/)","populus trichocarpa","","745105","","estExt_Genewise1_v1.C_1450010 estExt_Genewise1_v1.C_1450010","POPTR_0018s07160","POPTR_0018s07160.1",""
"207","Potri.018G067700",2367,"Potra003016",14446,18432,"Potra003016g20541.1",17,3986,0.166,"specific protein SF21",85.07,"Artha|AT5G56750",70.18,"Photoreceptors (HY1.1)","phenology","Olsen et al (2013) Mol Ecol","Phytozome (www.phytozome.net) or Popgenie (http://popgenie.org/)","Populus balsamifera","","","","","POPTR_0018s06900"," POPTR_0018s06900.1",""
"208","Potri.018G098200",13130,"Potra006076",2051,3136,"Potra006076g25557.1",6,1085,0.222,"like domain containing protein",96.92,"Artha|AT4G30380",57.02,"Expansin-related similar to blight-associated protein p12 precursor [Citrus jambhiri]
gi|4102727|gb|AAD03398; similar to beta-expansin [Oryza sativa] gi|8118428|gb|AAF72986;
expansin-related gene, PMID:11641069, http://www.bio.psu.edu/expansins","drought response","Street et al (2006) Plant J","Phytozome (www.phytozome.net) or Popgenie (http://popgenie.org/)","populus trichocarpa x populus deltoides","PU09965","","","","","",""
"209","Potri.018G098200",13130,"Potra006076",2051,3136,"Potra006076g25557.1",6,1085,0.222,"like domain containing protein",96.92,"Artha|AT4G30380",57.02,"Expansin-related similar to blight-associated protein p12 precursor [Citrus jambhiri]
gi|4102727|gb|AAD03398; similar to beta-expansin [Oryza sativa] gi|8118428|gb|AAF72986;
expansin-related gene, PMID:11641069, http://www.bio.psu.edu/expansins","drought response","Street et al (2006) Plant J","Phytozome (www.phytozome.net) or Popgenie (http://popgenie.org/)","populus trichocarpa x populus deltoides","PU09410","","","","","",""
"210","Potri.018G099400",16911,"Potra000945",2607,8534,"Potra000945g07738.1",3,5927,0.069,"Protein ECERIFERUM 3",93.09,"Artha|AT5G57800",69.35,"WAX2; catalytic","leaf morphology and leaf development","Street et al (2008) BMC Genomics","Phytozome (www.phytozome.net) or Popgenie (http://popgenie.org/)","populus trichocarpa","","825921","","estExt_fgenesh4_pg.C_LG_XVIII0863 estExt_fgenesh4_pg.C_LG_XVIII0863","POPTR_0018s10830","POPTR_0018s10830.1",""
"211","Potri.018G102700",2214,"Potra001277",27790,31863,"Potra001277g11038.1",17,4073,0.204,"ribosomal protein L35",98,"Artha|AT2G24090",64.47,"ribosomal protein L35 family protein","leaf morphology and leaf development","Street et al (2008) BMC Genomics","Phytozome (www.phytozome.net) or Popgenie (http://popgenie.org/)","populus trichocarpa","","737939","","estExt_Genewise1_v1.C_LG_XVIII3093 estExt_Genewise1_v1.C_LG_XVIII3093","POPTR_0018s11170","POPTR_0018s11170.1",""
"212","Potri.018G138000",12478,"Potra001587",17395,26621,"Potra001587g13139.1",6,9226,0.161,"DNA (cytosine-5)-methyltransferase",96.96,"Artha|AT5G49160",60.03,"MET1 (cytosine methyltransferase)","sex specific","Geraldes et al (2015) Mol Ecol","Phytozome (www.phytozome.net) or Popgenie (http://popgenie.org/)","populus trichocarpa","","","","","POPTR_0019s00240","POPTR_0019s00240.1",""
"213","Potri.018G138200",7532,"Potra003075",12992,16933,"Potra003075g20683.1",10,3941,0.236,"1 subunit gamma",99.39,"Artha|AT5G26360",90.91,"TCP-1/cpn60 chaperonin family protein
(protein folding)","sex specific","Geraldes et al (2015) Mol Ecol","Phytozome (www.phytozome.net) or Popgenie (http://popgenie.org/)","populus trichocarpa","","","","","POPTR_0019s00210","POPTR_0019s00210.1",""
"214","Potri.018G139800",19415,"Potra000311",55,15878,"Potra000311g01112.1",1,15823,0.459,"Calcium-transporting ATPase",94.15,"Artha|AT4G29900",73.28,"synthase,","drought response","Street et al (2006) Plant J","Phytozome (www.phytozome.net) or Popgenie (http://popgenie.org/)","populus trichocarpa x populus deltoides","PU07271","","","","","",""
"215","Potri.019G042600",10544,"Potra000585",59169,62343,"Potra000585g04369.1",7,3174,0.186,"uncharacterized protein LOC105787912",98.63,"Artha|AT5G17170",55.59,"rubredoxin family protein","leaf morphology and leaf development","Street et al (2008) BMC Genomics","Phytozome (www.phytozome.net) or Popgenie (http://popgenie.org/)","populus trichocarpa","","738571","","estExt_Genewise1_v1.C_LG_XIX1274 estExt_Genewise1_v1.C_LG_XIX1274","POPTR_0019s05950","POPTR_0019s05950.1",""
"216","Potri.019G048900",12902,"Potra003246",7024,10656,"Potra003246g21123.1",6,3632,0.106,"Uroporphyrinogen decarboxylase, chloroplastic",95.78,"Artha|AT2G40490",82.62,"HEME2; uroporphyrinogen decarboxylase","leaf morphology and leaf development","Street et al (2008) BMC Genomics","Phytozome (www.phytozome.net) or Popgenie (http://popgenie.org/)","populus trichocarpa","","826111","","estExt_fgenesh4_pg.C_LG_XIX0326 estExt_fgenesh4_pg.C_LG_XIX0326","POPTR_0019s07540","POPTR_0019s07540.1",""
"217","Potri.019G127000",11445,"Potra003286",10242,17045,"Potra003286g21238.1",7,6803,0.173,"Protein TIC110, chloroplastic",96.99,"Artha|AT1G06950",66.67,"Chloroplast inner envelope protein-related","leaf morphology, growth and CO2 response","Taylor et al (2005) New Phytol","Phytozome (www.phytozome.net) or Popgenie (http://popgenie.org/)","populus deltoides x populus nigra","PU22860","","","","","",""
"218","Potri.019G133600",6788,"Potra000483",95327,97722,"Potra000483g02981.1",10,2395,0.106,"component response regulator",96.69,"Artha|AT3G56380",63.01,"ARR17 (cytokinin-mediated signalling pathway), PbRR9","sex specific","Geraldes et al (2015) Mol Ecol; Bräutigam et al (2017) Sci Rep","Phytozome (www.phytozome.net) or Popgenie (http://popgenie.org/)","populus trichocarpa","","","","","POPTR_0019s15410","POPTR_0019s15410.1",""
"219","Potri.T096300",17500,"Potra002417",55491,58752,"Potra002417g18383.1",3,3261,0.131,"methylthioadenosine/S-adenosylhomocysteine nucleosidase",98.52,"Artha|AT4G28940",60.41,"Phosphorylase family protein contains Pfam PF01048: Phosphorylase family","drought response","Street et al (2006) Plant J","Phytozome (www.phytozome.net) or Popgenie (http://popgenie.org/)","populus trichocarpa x populus deltoides","PU03608","","","","","",""
